company,name,local_status,platform,category,recommendation,confidence,evidence,links
武汉多比特,Astrasen Global,exact_in_company,GP/iOS,already_in_library,已在库中，不需要补,high,"当前库已有 33 条产品；样例：Associate Words: Solitaire, Screw Sort Puzzle™- Pin Jam 3D, Screw Sort Puzzle™- Pin Jam 3D",
武汉多比特,BitBreaker Studios,missing_local,-,not_found,暂不补；两端未找到精确开发者匹配,low,未找到精确开发者页或精确 Apple artistName。,
武汉多比特,Bitepoch,exact_in_company,iOS,already_in_library,已在库中，不需要补,high,"当前库已有 16 条产品；样例：Tape Mania - Untape Jam Master, Jigsaw Flip: 3D Sorting Puzzle, Wool Master 3D",
武汉多比特,Brainjoy Games,exact_in_company,GP,already_in_library,已在库中，不需要补,high,"当前库已有 14 条产品；样例：Word Search: Crush Puzzles, 漢字クイズ: Kanji Idioms Word Game, Word Quiz: Kerun Word Search",
武汉多比特,Cai yiping,missing_local,-,not_found,暂不补；两端未找到精确开发者匹配,low,未找到精确开发者页或精确 Apple artistName。,
武汉多比特,DoPuz Games,exact_in_company,GP,already_in_library,已在库中，不需要补,high,"当前库已有 19 条产品；样例：Tricky Bounce - Brick Breaker, Onet Animal: Tile Onnect 3D, Stickman Escape",
武汉多比特,"Duozr Technology Co.,Ltd",exact_in_company,iOS,already_in_library,已在库中，不需要补,high,"当前库已有 6 条产品；样例：LinkPuz - Tiles Connect Games, 弹一弹 - 最强弹球弹一弹小游戏, 方块消除—开心六角六边形消除小游戏",
武汉多比特,FingerLab,missing_local,iOS,candidate_found_no_overlap,候选补充；已找到精确开发者页，但当前库无产品重合,medium,"Apple 精确开发者：Fingerlab id=412786610，搜索结果 13 条；样例：iOS apps: SK-51, PolyWave, Polagone",https://apps.apple.com/developer/id412786610
武汉多比特,Free Apps Crafter,missing_local,-,not_found,暂不补；两端未找到精确开发者匹配,low,未找到精确开发者页或精确 Apple artistName。,
武汉多比特,FunKoo Inc.,missing_local,-,not_found,暂不补；两端未找到精确开发者匹配,low,未找到精确开发者页或精确 Apple artistName。,
武汉多比特,Funny Puzzle,missing_local,-,not_found,暂不补；两端未找到精确开发者匹配,low,未找到精确开发者页或精确 Apple artistName。,
武汉多比特,GameLord 3D,missing_local,GP,candidate_found_no_overlap,候选补充；已找到精确开发者页，但当前库无产品重合,medium,"GP 开发者页存在，约 20 个链接；样例：GP apps: space.fighter.shooting.games, park.master.car.parking.games, conquer.the.tower.city.wars",https://play.google.com/store/apps/developer?id=GameLord+3D&hl=en&gl=us
武汉多比特,Gametertain,missing_local,-,not_found,暂不补；两端未找到精确开发者匹配,low,未找到精确开发者页或精确 Apple artistName。,
武汉多比特,Gametertain Studio,missing_local,-,not_found,暂不补；两端未找到精确开发者匹配,low,未找到精确开发者页或精确 Apple artistName。,
武汉多比特,"Halos Labs Technology Co.,Ltd",missing_local,iOS,candidate_found_no_overlap,候选补充；已找到精确开发者页，但当前库无产品重合,medium,"Apple 精确开发者：Halos Labs Technology Co.,Ltd id=1444276437，搜索结果 7 条；样例：iOS apps: Conquer The City - Takeover It, 2 Player Battle -No Wifi Games, Sudoku - Sudoku Games",https://apps.apple.com/developer/id1444276437
武汉多比特,"Happy Bubble Information Technology Co., Ltd.",missing_local,-,not_found,暂不补；两端未找到精确开发者匹配,low,未找到精确开发者页或精确 Apple artistName。,
武汉多比特,HDuo Fun Games,exact_in_company,GP,already_in_library,已在库中，不需要补,high,"当前库已有 84 条产品；样例：Go Baduk - Go Game Play, Tic Tac Toe 2 Player: XOXO, Ball Sort: Sorting-Bubble Sort",
武汉多比特,InnovFun,missing_local,-,not_found,暂不补；两端未找到精确开发者匹配,low,未找到精确开发者页或精确 Apple artistName。,
武汉多比特,JoyCraze,missing_local,GP,candidate_found_no_overlap,候选补充；已找到精确开发者页，但当前库无产品重合,medium,"GP 开发者页存在，约 7 个链接；样例：GP apps: boys.coloring.art.kids.color.drawing.games, colorear.colorido.warna.puzzle.game, cute.color.coloring.puzzle",https://play.google.com/store/apps/developer?id=JoyCraze&hl=en&gl=us
武汉多比特,JoyPuz,missing_local,-,not_found,暂不补；两端未找到精确开发者匹配,low,未找到精确开发者页或精确 Apple artistName。,
武汉多比特,JUN HUANG,missing_local,iOS,candidate_found_no_overlap,候选补充；已找到精确开发者页，但当前库无产品重合,medium,Apple 精确开发者：Jun Huang id=1840783849，搜索结果 1 条；样例：iOS apps: なんでもセッション,https://apps.apple.com/developer/id1840783849
武汉多比特,Kerun Games,exact_in_company,GP,already_in_library,已在库中，不需要补,high,"当前库已有 42 条产品；样例：Adivinhar Palavras: o que é, Briser des Mots : Jeu de Mots, Hangman Words:Two Player Games",
武汉多比特,Mind Crush,missing_local,GP,candidate_found_no_overlap,候选补充；已找到精确开发者页，但当前库无产品重合,medium,"GP 开发者页存在，约 20 个链接；样例：GP apps: color.drop.match.puzzle.marble.games, hexa.food.sort.match.merge, screw.sort.math.puzzle.number.brain",https://play.google.com/store/apps/developer?id=Mind+Crush&hl=en&gl=us
武汉多比特,Mirror of Ember,exact_in_company,iOS,already_in_library,已在库中，不需要补,high,"当前库已有 17 条产品；样例：낱말퀴즈-단어&단어게임&두뇌 훈련&현실적인 게임, Car Jam Express - Parking Flow, Color Sort - Ball Puzzle Games",
武汉多比特,PuzCharm,missing_local,-,not_found,暂不补；两端未找到精确开发者匹配,low,未找到精确开发者页或精确 Apple artistName。,
武汉多比特,ReJoy Studio,missing_local,-,not_found,暂不补；两端未找到精确开发者匹配,low,未找到精确开发者页或精确 Apple artistName。,
武汉多比特,SHENGHU ZHU,missing_local,-,not_found,暂不补；两端未找到精确开发者匹配,low,未找到精确开发者页或精确 Apple artistName。,
武汉多比特,SkyFury,exact_in_company,iOS,already_in_library,已在库中，不需要补,high,"当前库已有 6 条产品；样例：Juice Order-Sorting Master 3D, Untape Jam - Tape Sort Puzzle, Airport Ready -Airplane Tycoon",
武汉多比特,Stellars,exact_in_company,iOS,already_in_library,已在库中，不需要补,high,"当前库已有 2 条产品；样例：将棋アプリ - でできる対戦げーむアプリ, Stick Fighters -Stickman Fight",
武汉多比特,TapMagic,missing_local,iOS,candidate_found_no_overlap,候选补充；已找到精确开发者页，但当前库无产品重合,medium,Apple 精确开发者：Tapmagic id=1809952083，搜索结果 1 条；样例：iOS apps: Gemory,https://apps.apple.com/developer/id1809952083
武汉多比特,"Togother Many Information Technology Co, Ltd.",exact_in_company,iOS,already_in_library,已在库中，不需要补,high,"当前库已有 28 条产品；样例：插花小屋 - 解压插花消除游戏 花朵对对碰, 我的牧场时光 - 种田游戏 农场牧场物语, 猫咪寻物记 - 疯狂找东西 寻宝达人 解压游戏",
武汉多比特,"Unickie Technology Co., Ltd.",missing_local,iOS,candidate_found_no_overlap,候选补充；已找到精确开发者页，但当前库无产品重合,medium,"Apple 精确开发者：Unickie Technology Co., Ltd. id=1591362578，搜索结果 6 条；样例：iOS apps: Cube Match 3D - Tap Master, Closet Sort - Sort the goods, Makeup Salon - DIY Makeup game",https://apps.apple.com/developer/id1591362578
武汉多比特,Warm Word,missing_local,-,not_found,暂不补；两端未找到精确开发者匹配,low,未找到精确开发者页或精确 Apple artistName。,
武汉多比特,Wolflyer,missing_local,iOS,candidate_found_no_overlap,候选补充；已找到精确开发者页，但当前库无产品重合,medium,"Apple 精确开发者：Wolflyer id=1481770614，搜索结果 4 条；样例：iOS apps: Word Shatter -Puzzle Word Game, BrainBoom - Word Brain Games, Acertijo Mental - Words Games",https://apps.apple.com/developer/id1481770614
武汉多比特,WORD PUZZLE,missing_local,-,not_found,暂不补；两端未找到精确开发者匹配,low,未找到精确开发者页或精确 Apple artistName。,
武汉多比特,"Wuhan Dobest Information Technology Co, Ltd.",exact_in_company,iOS,already_in_library,已在库中，不需要补,high,"当前库已有 62 条产品；样例：罗斯方块—方块单机格子游戏新版, 连连看—经典版连连看小游戏, Chess - Chess Online",
武汉多比特,YAO SHIBIN,missing_local,iOS,candidate_found_no_overlap,候选补充；已找到精确开发者页，但当前库无产品重合,medium,"Apple 精确开发者：YAO SHIBIN id=1093095133，搜索结果 2 条；样例：iOS apps: MaiWatch - Pulse Rate Monitor, Colorange - HRV Stress Monitor",https://apps.apple.com/developer/id1093095133
武汉多比特,Yelo Hood,exact_in_company,GP,already_in_library,已在库中，不需要补,high,"当前库已有 23 条产品；样例：Juice Order: Fruit Color Sort, Untape Jam - Tape Sort Puzzle, Tape Mania: Tape Jam Puzzle",
武汉多比特,YUAN GUO,missing_local,-,not_found,暂不补；两端未找到精确开发者匹配,low,未找到精确开发者页或精确 Apple artistName。,
武汉多比特,ZHANG HONGKUN,missing_local,-,not_found,暂不补；两端未找到精确开发者匹配,low,未找到精确开发者页或精确 Apple artistName。,
武汉多比特,ZHIGUO TAN,missing_local,-,not_found,暂不补；两端未找到精确开发者匹配,low,未找到精确开发者页或精确 Apple artistName。,
武汉多比特,晨 黄,missing_local,-,not_found,暂不补；两端未找到精确开发者匹配,low,未找到精确开发者页或精确 Apple artistName。,
武汉多比特,精品推荐应用,missing_local,-,not_found,暂不补；两端未找到精确开发者匹配,low,未找到精确开发者页或精确 Apple artistName。,
武汉多比特,精品游戏,missing_local,-,not_found,暂不补；两端未找到精确开发者匹配,low,未找到精确开发者页或精确 Apple artistName。,
武汉多比特,俊杰 万,missing_local,-,not_found,暂不补；两端未找到精确开发者匹配,low,未找到精确开发者页或精确 Apple artistName。,
武汉多比特,清 周,missing_local,-,not_found,暂不补；两端未找到精确开发者匹配,low,未找到精确开发者页或精确 Apple artistName。,
武汉多比特,兆芬 吴,missing_local,-,not_found,暂不补；两端未找到精确开发者匹配,low,未找到精确开发者页或精确 Apple artistName。,
北京小牛互联,aMessage studio,missing_local,GP,candidate_found_no_overlap,候选补充；已找到精确开发者页，但当前库无产品重合,medium,"GP 开发者页存在，约 4 个链接；样例：GP apps: allmail.ai.email.app, messenger.sms.launcher.home.screen, messages.chat.free.text.messaging.sms",https://play.google.com/store/apps/developer?id=aMessage+studio&hl=en&gl=us
北京小牛互联,Apps Clean,missing_local,-,not_found,暂不补；两端未找到精确开发者匹配,low,未找到精确开发者页或精确 Apple artistName。,
北京小牛互联,BizApp Innovators,missing_local,GP,candidate_found_no_overlap,候选补充；已找到精确开发者页，但当前库无产品重合,medium,"GP 开发者页存在，约 3 个链接；样例：GP apps: email.home.allmail.launcher, notes.checklist.todolist.notepad.app, pdf.reader.all.pdfviewer.pdfeditor",https://play.google.com/store/apps/developer?id=BizApp+Innovators&hl=en&gl=us
北京小牛互联,"Call Free, Caller ID, Call Recorder by Call Team",missing_local,-,not_found,暂不补；两端未找到精确开发者匹配,low,未找到精确开发者页或精确 Apple artistName。,
北京小牛互联,Cleaner Labs,missing_local,iOS,candidate_found_no_overlap,候选补充；已找到精确开发者页，但当前库无产品重合,medium,Apple 精确开发者：Cleaner Labs id=1861146121，搜索结果 1 条；样例：iOS apps: Ninja Cleaner Pro,https://apps.apple.com/developer/id1861146121
北京小牛互联,Colorful Emoji Keyboard,missing_local,-,not_found,暂不补；两端未找到精确开发者匹配,low,未找到精确开发者页或精确 Apple artistName。,
北京小牛互联,EasyFun Game,missing_local,-,not_found,暂不补；两端未找到精确开发者匹配,low,未找到精确开发者页或精确 Apple artistName。,
北京小牛互联,EasyFun Puzzle Game Studio,missing_local,GP,candidate_found_no_overlap,候选补充；已找到精确开发者页，但当前库无产品重合,medium,"GP 开发者页存在，约 19 个链接；样例：GP apps: com.hexa.sort.puzzle.stack.color.game, jigsolitaire.jigsort.jigsaw.solitaire.puzzle, com.screw.pin.nuts.bolts.jam.puzzle",https://play.google.com/store/apps/developer?id=EasyFun+Puzzle+Game+Studio&hl=en&gl=us
北京小牛互联,Emoji SMS Messenger,missing_local,GP,candidate_found_no_overlap,候选补充；已找到精确开发者页，但当前库无产品重合,medium,GP 开发者页存在，约 1 个链接；样例：GP apps: messenger.sms,https://play.google.com/store/apps/developer?id=Emoji+SMS+Messenger&hl=en&gl=us
北京小牛互联,Joymaster Puzzle Game Studio,missing_local,GP,candidate_found_no_overlap,候选补充；已找到精确开发者页，但当前库无产品重合,medium,"GP 开发者页存在，约 15 个链接；样例：GP apps: com.screw3d.match.nuts.bolts.pin.jam.away.puzzle, com.find.hidden.object.out.treasure.hunt.seek.puzzle.games, com.scavenger.hunt.find.my.cat.hidden.object.free.brainly.game",https://play.google.com/store/apps/developer?id=Joymaster+Puzzle+Game+Studio&hl=en&gl=us
北京小牛互联,Joymaster Studio,missing_local,-,not_found,暂不补；两端未找到精确开发者匹配,low,未找到精确开发者页或精确 Apple artistName。,
北京小牛互联,Kun Wang,missing_local,iOS,candidate_found_no_overlap,候选补充；已找到精确开发者页，但当前库无产品重合,medium,"Apple 精确开发者：Kun Wang id=1378819194，搜索结果 2 条；样例：iOS apps: Magic Elements - Color Lines, Score Calculator",https://apps.apple.com/developer/id1378819194
北京小牛互联,LifePulse Puzzle Game Studio,missing_local,GP,candidate_found_no_overlap,候选补充；已找到精确开发者页，但当前库无产品重合,medium,"GP 开发者页存在，约 14 个链接；样例：GP apps: com.wood.bolt.wordle.screw.nuts.puzzle, com.match.mahjong.pair.puzzle, com.matching.games.goods.sort.triple.puzzle",https://play.google.com/store/apps/developer?id=LifePulse+Puzzle+Game+Studio&hl=en&gl=us
北京小牛互联,LONGSEA LINK LIMITED,missing_local,iOS,candidate_found_no_overlap,候选补充；已找到精确开发者页，但当前库无产品重合,medium,"Apple 精确开发者：LONGSEA LINK LIMITED id=1748033589，搜索结果 8 条；样例：iOS apps: Goods Store: 3D Sorting Games, Mahjong Pair: 3D Puzzle Game, Woodle Screw™ Pin Nuts & Bolts",https://apps.apple.com/developer/id1748033589
北京小牛互联,Longwind Studio,missing_local,iOS,candidate_found_no_overlap,候选补充；已找到精确开发者页，但当前库无产品重合,medium,"Apple 精确开发者：Longwind Studio id=1486315141，搜索结果 29 条；样例：iOS apps: Tile Match: Find Pair, Wood Block Puzzle:Logic Master, Block Puzzle: Blast Jewel",https://apps.apple.com/developer/id1486315141
北京小牛互联,Messenger Pro Team,missing_local,-,not_found,暂不补；两端未找到精确开发者匹配,low,未找到精确开发者页或精确 Apple artistName。,
北京小牛互联,Orange One Limited,exact_in_company,iOS,already_in_library,已在库中，不需要补,high,"当前库已有 11 条产品；样例：Color Sort Loop: Card & Cube, Goods 3D Sorting: Match Games, Traffic 3D Parking: Escape Jam",
北京小牛互联,Pleasure City,exact_in_company,GP,already_in_library,已在库中，不需要补,high,"当前库已有 22 条产品；样例：Arrow Rush: Water Color Sort, Color Sort Loop: Card & Cube, BlockWord: Word Associations",
北京小牛互联,QR Scanner Team,missing_local,GP,candidate_found_no_overlap,候选补充；已找到精确开发者页，但当前库无产品重合,medium,"GP 开发者页存在，约 3 个链接；样例：GP apps: authenticator.mfa.two.step.auth, pdfreader.pdf.viewer.all.office.file.editor, barcode.scanner.qrcode.reader.flashlight",https://play.google.com/store/apps/developer?id=QR+Scanner+Team&hl=en&gl=us
北京小牛互联,Security Apps Studio,missing_local,-,not_found,暂不补；两端未找到精确开发者匹配,low,未找到精确开发者页或精确 Apple artistName。,
北京小牛互联,Smart AI DEV,missing_local,GP,candidate_found_no_overlap,候选补充；已找到精确开发者页，但当前库无产品重合,medium,"GP 开发者页存在，约 9 个链接；样例：GP apps: ai.interior.design.home.renovation.app, artify.ai.logomaker, ai.video.art.generator.maker.app",https://play.google.com/store/apps/developer?id=Smart+AI+DEV&hl=en&gl=us
北京小牛互联,Smart Tool Studio,missing_local,iOS,candidate_found_no_overlap,候选补充；已找到精确开发者页，但当前库无产品重合,medium,"Apple 精确开发者：Smart Tool Studio id=1080080426，搜索结果 12 条；样例：iOS apps: PDF Scanner App: Scan Document, Cleaner Neat: Clean Up Storage, Themes-Wallpaper&Icon Changer",https://apps.apple.com/developer/id1080080426
北京小牛互联,"SMS Messenger, Text it Now",missing_local,-,not_found,暂不补；两端未找到精确开发者匹配,low,未找到精确开发者页或精确 Apple artistName。,
北京小牛互联,Super Communication Studio,missing_local,-,not_found,暂不补；两端未找到精确开发者匹配,low,未找到精确开发者页或精确 Apple artistName。,
北京小牛互联,Topgun Studio,missing_local,-,not_found,暂不补；两端未找到精确开发者匹配,low,未找到精确开发者页或精确 Apple artistName。,
北京小牛互联,Weather 365 Days,missing_local,GP,candidate_found_no_overlap,候选补充；已找到精确开发者页，但当前库无产品重合,medium,"GP 开发者页存在，约 3 个链接；样例：GP apps: weather.forecast.channel.live, weather.launcher.radar.ai.forecast, com.ai.life.manage.healthtracker",https://play.google.com/store/apps/developer?id=Weather+365+Days&hl=en&gl=us
北京小牛互联,静 杜,missing_local,iOS,candidate_found_no_overlap,候选补充；已找到精确开发者页，但当前库无产品重合,medium,"Apple 精确开发者：静 杜 id=1370307770，搜索结果 6 条；样例：iOS apps: Sudoku Master - Brain Games, Jigsort®: Solitaire, 3D Bolt Master®: Screw Master®",https://apps.apple.com/developer/id1370307770
上海正朗,Block Puzzle Jewel Games,missing_local,GP,candidate_found_no_overlap,候选补充；已找到精确开发者页，但当前库无产品重合,medium,"GP 开发者页存在，约 4 个链接；样例：GP apps: blockpuzzle.new1010.jewelgames.puzzlegames, puzzle.classic.king.blockpuzzle, puzzle.pop.bubblegames.bubbleshooter",https://play.google.com/store/apps/developer?id=Block+Puzzle+Jewel+Games&hl=en&gl=us
上海正朗,Jewel Games Legend,missing_local,GP,candidate_found_no_overlap,候选补充；已找到精确开发者页，但当前库无产品重合,medium,"GP 开发者页存在，约 3 个链接；样例：GP apps: blockpuzzle.jewelgames.jewelslegend, blockpuzzle.wood.legend.jewel, blockpuzzle.puzzlegames.wood.classic.offline",https://play.google.com/store/apps/developer?id=Jewel+Games+Legend&hl=en&gl=us
上海正朗,Jewel Hunter Games,missing_local,-,not_found,暂不补；两端未找到精确开发者匹配,low,未找到精确开发者页或精确 Apple artistName。,
上海正朗,LinkDesks - Jewel Games Star,exact_in_company,GP,already_in_library,已在库中，不需要补,high,"当前库已有 15 条产品；样例：Solitaire, Solitaire Family, Gossip Street: Merge & Story",
上海正朗,LinkDesks Classic Puzzle Games,exact_in_company,GP,already_in_library,已在库中，不需要补,high,"当前库已有 11 条产品；样例：Goods Story: Sort Puzzle, Tile Story: Match Puzzle Game, Solitaire",
上海正朗,LinkDesks Daily Puzzle,exact_in_company,GP,already_in_library,已在库中，不需要补,high,"当前库已有 12 条产品；样例：Jigsaw Family - Puzzle Game, Story Match, Block Puzzle",
上海正朗,LinkDesks Jewel Games,missing_local,-,not_found,暂不补；两端未找到精确开发者匹配,low,未找到精确开发者页或精确 Apple artistName。,
上海正朗,LINKDESKS PTE. LTD.,exact_in_company,iOS,already_in_library,已在库中，不需要补,high,"当前库已有 5 条产品；样例：AI Photo Editor - AI Morph, Tile Story: Match Puzzle Game, Block Puzzle",
上海正朗,"Shanghai Zhenglang Technology Co., Ltd.",exact_in_company,iOS,already_in_library,已在库中，不需要补,high,"当前库已有 46 条产品；样例：Gossip Street: Merge & Story, Block Puzzle 1010！, Bubble Shooter",
上海正朗,Solitaire Card Games Classic,exact_in_company,GP,already_in_library,已在库中，不需要补,high,"当前库已有 4 条产品；样例：Solitaire Story, Solitaire Ocean, Solitaire Zoo",
上海正朗,Video Recorder & Photo Collage,exact_in_company,GP,already_in_library,已在库中，不需要补,high,"当前库已有 3 条产品；样例：Screen Recorder - AX Recorder, Photo Frame & Collage Maker, Photo Collage Maker & Editor",
上海正朗,Wood Block Puzzle Games Free,missing_local,-,not_found,暂不补；两端未找到精确开发者匹配,low,未找到精确开发者页或精确 Apple artistName。,
上海迪果,Big Cake,exact_in_company,GP,already_in_library,已在库中，不需要补,high,"当前库已有 38 条产品；样例：Block Puzzle, Classic Dominoes: Dominos Game, Big Solitaire Classic",
上海迪果,BIG CAKE APPS,missing_local,-,not_found,暂不补；两端未找到精确开发者匹配,low,未找到精确开发者页或精确 Apple artistName。,
上海迪果,Big Cake Group Limited,exact_in_company,GP,already_in_library,已在库中，不需要补,high,"当前库已有 16 条产品；样例：Fun Match™ - match 3 games, Solitaire Mania - Card Games, Little Dentist Match",
上海迪果,Classic Puzzle Games Maker,missing_local,GP,candidate_found_no_overlap,候选补充；已找到精确开发者页，但当前库无产品重合,medium,"GP 开发者页存在，约 4 个链接；样例：GP apps: spider.classic.solitaire.card.pgmaker, color.paint.by.number.pgmaker, jigsaw.puzzles.hd.artgame.pgmaker",https://play.google.com/store/apps/developer?id=Classic+Puzzle+Games+Maker&hl=en&gl=us
上海迪果,Degoo ltd,missing_local,GP,candidate_found_no_overlap,候选补充；已找到精确开发者页，但当前库无产品重合,medium,"GP 开发者页存在，约 3 个链接；样例：GP apps: solitaire.card.classic.bgames, spider.solitaire.card.bgames, puzzle.tap.merge.bgames",https://play.google.com/store/apps/developer?id=Degoo+ltd&hl=en&gl=us
上海迪果,Game Maker Ltd.,missing_local,GP,candidate_found_no_overlap,候选补充；已找到精确开发者页，但当前库无产品重合,medium,"GP 开发者页存在，约 7 个链接；样例：GP apps: daily.number.match.free.puzzle, tile.match.free.puzzle, solitaire.spider.card.free.mania",https://play.google.com/store/apps/developer?id=Game+Maker+Ltd.&hl=en&gl=us
上海迪果,"Shanghai Diguo Network Technology Co., Ltd.",exact_in_company,iOS,already_in_library,已在库中，不需要补,high,"当前库已有 19 条产品；样例：Classic Dominoes: Dominos Game, Spades - Classic Card Games, Jigsaw Puzzles",
上海迪果,慧钧 蒋,missing_local,iOS,candidate_found_no_overlap,候选补充；已找到精确开发者页，但当前库无产品重合,medium,"Apple 精确开发者：慧钧 蒋 id=1456989344，搜索结果 3 条；样例：iOS apps: Solitaire．, Classic Spider Solitaire．, Daily Coloring by Number",https://apps.apple.com/developer/id1456989344
上海迪果,乐 刘,missing_local,iOS,candidate_found_no_overlap,候选补充；已找到精确开发者页，但当前库无产品重合,medium,Apple 精确开发者：乐 刘 id=1445508778，搜索结果 1 条；样例：iOS apps: Spider Solitaire・,https://apps.apple.com/developer/id1445508778
上海迪果,蕾 郭,exact_in_company,iOS,already_in_library,已在库中，不需要补,high,"当前库已有 6 条产品；样例：Solitaire Daily, Daily Spider Solitaire Classic, Hexa Block Puzzle - Merge!",
北京克鲁,AI Photo Enhancer Studio,missing_local,GP,candidate_found_no_overlap,候选补充；已找到精确开发者页，但当前库无产品重合,medium,"GP 开发者页存在，约 3 个链接；样例：GP apps: com.shaji.wifi.pw, com.pomelo.image.editor.rmbg, com.shaji.mobile.magicfoto",https://play.google.com/store/apps/developer?id=AI+Photo+Enhancer+Studio&hl=en&gl=us
北京克鲁,Ashita Games,missing_local,GP/iOS,candidate_found_no_overlap,候选补充；已找到精确开发者页，但当前库无产品重合,medium,"GP 开发者页存在，约 2 个链接；Apple 精确开发者：Ashita Games id=1831161215，搜索结果 2 条；样例：GP apps: com.arrow.madness.games.arrows.escape.puzzle.game, tap.away.out.tapout.master.cube.block.puzzle.games | iOS apps: Arrow Puzzle - Arrow Madness, Tap It Away®: 3D Blocks Puzzle",https://play.google.com/store/apps/developer?id=Ashita+Games&hl=en&gl=us ; https://apps.apple.com/developer/id1831161215
北京克鲁,Brainteaser Puzzle Game Studio,missing_local,GP,candidate_found_no_overlap,候选补充；已找到精确开发者页，但当前库无产品重合,medium,"GP 开发者页存在，约 15 个链接；样例：GP apps: block.color.game.jam.blocks.sort.puzzle.games.slide.free, hexa.away.game.tap.block.off.color.puzzle.free, mahjong.solitaire.card.games.free.senior.match.puzzle",https://play.google.com/store/apps/developer?id=Brainteaser+Puzzle+Game+Studio&hl=en&gl=us
北京克鲁,Castbox.FM - Radio & Podcast & AudioBooks,missing_local,GP,candidate_found_no_overlap,候选补充；已找到精确开发者页，但当前库无产品重合,medium,"GP 开发者页存在，约 3 个链接；样例：GP apps: com.podcast.podcasts, fm.castbox.audiobook.radio.podcast, com.echocastr.ai.podcast.player.chat.podcasts",https://play.google.com/store/apps/developer?id=Castbox.FM+-+Radio+%26+Podcast+%26+AudioBooks&hl=en&gl=us
北京克鲁,Cuddle Live,missing_local,iOS,candidate_found_no_overlap,候选补充；已找到精确开发者页，但当前库无产品重合,medium,"Apple 精确开发者：Cuddle Live id=1466579397，搜索结果 2 条；样例：iOS apps: CastChat - Voice Chat & Match, Walkie Talkie: Talk to Friends",https://apps.apple.com/developer/id1466579397
北京克鲁,"Find Friends, Play Games among us, Live Voice Chat",missing_local,-,not_found,暂不补；两端未找到精确开发者匹配,low,未找到精确开发者页或精确 Apple artistName。,
北京克鲁,Guru AI Lab,missing_local,GP,candidate_found_no_overlap,候选补充；已找到精确开发者页，但当前库无产品重合,medium,"GP 开发者页存在，约 9 个链接；样例：GP apps: ai.chatbot.ask.chat.deep.seek.assistant.search.free, ai.photo.enhancer.ig.tiktok.editor.remini.pixelup.hd.free, ai.calorie.counter.food.tracker.my.fitness.free",https://play.google.com/store/apps/developer?id=Guru+AI+Lab&hl=en&gl=us
北京克鲁,Guru Future Holding Limited,missing_local,iOS,candidate_found_no_overlap,候选补充；已找到精确开发者页，但当前库无产品重合,medium,"Apple 精确开发者：Guru Future Holding Limited id=1693569117，搜索结果 9 条；样例：iOS apps: Hexa Run: Hexa Puzzle Game, Number Games - Ten & Pair, Cryptogram: Word Puzzle Master",https://apps.apple.com/developer/id1693569117
北京克鲁,Guru Network Limited,missing_local,iOS,candidate_found_no_overlap,候选补充；已找到精确开发者页，但当前库无产品重合,medium,Apple 精确开发者：Guru Network Limited id=1131030624，搜索结果 1 条；样例：iOS apps: Podcast App & Player - Castbox,https://apps.apple.com/developer/id1131030624
北京克鲁,Guru Puzzle Game,exact_in_company,GP,already_in_library,已在库中，不需要补,high,"当前库已有 46 条产品；样例：Differences - Find & Spot It, Car Parking Games: Bus Madness, Solitaire - Classic Card Games",
北京克鲁,Guru Puzzle Game Studio,missing_local,-,not_found,暂不补；两端未找到精确开发者匹配,low,未找到精确开发者页或精确 Apple artistName。,
北京克鲁,Guru Smart Holding Limited,exact_in_company,iOS,already_in_library,已在库中，不需要补,high,"当前库已有 33 条产品；样例：Solitaire - Classic Card Games, Grill Match - Food Sort Puzzle, Mahjong Match - Matching Games",
北京克鲁,NimbleMind,missing_local,iOS,candidate_found_no_overlap,候选补充；已找到精确开发者页，但当前库无产品重合,medium,"Apple 精确开发者：NimbleMind id=1757815609，搜索结果 4 条；样例：iOS apps: Hidden Object Games: Seek It, Number Games - Match Numbers, Sudoku - Classic Math Games",https://apps.apple.com/developer/id1757815609
北京克鲁,NimbleMind Network Inc.,missing_local,GP,candidate_found_no_overlap,候选补充；已找到精确开发者页，但当前库无产品重合,medium,"GP 开发者页存在，约 4 个链接；样例：GP apps: hidden.object.find.seek.search.mystery.puzzle.games.free, number.match.numbers.math.games.free.puzzle.digit, sudoku.puzzle.brain.games.number.puzzles.free",https://play.google.com/store/apps/developer?id=NimbleMind+Network+Inc.&hl=en&gl=us
北京克鲁,Smart Works Limited,missing_local,iOS,candidate_found_no_overlap,候选补充；已找到精确开发者页，但当前库无产品重合,medium,Apple 精确开发者：Smart Works Limited id=1813305579，搜索结果 1 条；样例：iOS apps: Number Pair - Number Match Ten,https://apps.apple.com/developer/id1813305579
北京克鲁,Sophos AI,missing_local,iOS,candidate_found_no_overlap,候选补充；已找到精确开发者页，但当前库无产品重合,medium,"Apple 精确开发者：Sophos AI id=1813098500，搜索结果 4 条；样例：iOS apps: AI Chat Assistant: Gemind AI, AI Calorie Counter - CalNinja, AI Video Generator: Kavi Maker",https://apps.apple.com/developer/id1813098500
北京克鲁,"Video Downloader, Saver & Player Studio",missing_local,-,not_found,暂不补；两端未找到精确开发者匹配,low,未找到精确开发者页或精确 Apple artistName。,
北京乐信圣文,Banana Games,exact_in_company,iOS,already_in_library,已在库中，不需要补,high,当前库已有 1 条产品；样例：Zen Jigsaw,
北京乐信圣文,Banana Games LLC,exact_in_company,GP,already_in_library,已在库中，不需要补,high,当前库已有 1 条产品；样例：Flow Line Puzzle: Dots Connect,
北京乐信圣文,Beetles Games Studio,exact_in_company,GP,already_in_library,已在库中，不需要补,high,"当前库已有 7 条产品；样例：Nonogram - Free Logic Jigsaw Puzzle, Idle Evil Capitalist, Idle Capitalist",
北京乐信圣文,Better Life - Color and Draw,exact_in_company,GP,already_in_library,已在库中，不需要补,high,"当前库已有 5 条产品；样例：Easy Drum Machine - Beat Machine & Drum Maker, Color Your World: Mandala, Real Guitar - Free Chords, Tabs & Music Tiles Game",
北京乐信圣文,Cedar Games Studio,missing_local,GP/iOS,candidate_found_no_overlap,候选补充；已找到精确开发者页，但当前库无产品重合,medium,"GP 开发者页存在，约 4 个链接；Apple 精确开发者：Cedar Games Studio id=1748999078，搜索结果 2 条；样例：GP apps: com.cedargames.tileclear, com.cedargames.mysterytown, com.cedargames.word.sort.fun | iOS apps: Mystery Town: Merge Games, Superhero & Puzzles Match3 RPG",https://play.google.com/store/apps/developer?id=Cedar+Games+Studio&hl=en&gl=us ; https://apps.apple.com/developer/id1748999078
北京乐信圣文,"DAILYINNOVATION CO., LIMITED",exact_in_company,iOS,already_in_library,已在库中，不需要补,high,"当前库已有 8 条产品；样例：まさかの答え！お絵かき心理テスト！, Fishing Elite The Game, 乐涂填色:秘密花园数字涂色",
北京乐信圣文,"iDailybread Co., Limited",exact_in_company,iOS,already_in_library,已在库中，不需要补,high,"当前库已有 6 条产品；样例：Bible Word Puzzle - Word Games, Bible Crossword Puzzle, Light Bible: Verses, Audio",
北京乐信圣文,iDailybread.org,exact_in_company,GP,already_in_library,已在库中，不需要补,high,"当前库已有 24 条产品；样例：Bible Word Puzzle - Word Games, Bible ∞, Bible Word Cross - Daily Verse",
北京乐信圣文,Kidult Lovin,missing_local,-,not_found,暂不补；两端未找到精确开发者匹配,low,未找到精确开发者页或精确 Apple artistName。,
北京乐信圣文,Learnings.AI,exact_in_company,iOS,already_in_library,已在库中，不需要补,high,"当前库已有 6 条产品；样例：Yarn Match 3D-Wool Sort Puz, Happy Sort - Water Sort Game, Floral Master - Slide & Match",
北京乐信圣文,Oakever Games,exact_in_company,GP/iOS,already_in_library,已在库中，不需要补,high,"当前库已有 67 条产品；样例：Zen Word® - Relax Puzzle Game, Word Sort Fun!, Colorever",
北京乐信圣文,Vita Studio,exact_in_company,iOS,already_in_library,已在库中，不需要补,high,"当前库已有 12 条产品；样例：Wood Block Puzzle Games, Vita Mahjong, Vita Solitaire for Seniors",
北京乐信圣文,Vita Studio.,exact_in_company,GP,already_in_library,已在库中，不需要补,high,"当前库已有 16 条产品；样例：Vita Spider Solitaire, Vita FreeCell for Seniors, Vita Mahjong",
北京迦游,Boom Game Studio,missing_local,-,not_found,暂不补；两端未找到精确开发者匹配,low,未找到精确开发者页或精确 Apple artistName。,
北京迦游,Color Block,missing_local,GP,candidate_found_no_overlap,候选补充；已找到精确开发者页，但当前库无产品重合,medium,GP 开发者页存在，约 1 个链接；样例：GP apps: com.funcatsort.us.gp,https://play.google.com/store/apps/developer?id=Color+Block&hl=en&gl=us
北京迦游,Công ty cổ phần phát triển công nghệ số Hồng Hà,missing_local,-,not_found,暂不补；两端未找到精确开发者匹配,low,未找到精确开发者页或精确 Apple artistName。,
北京迦游,Hungry Studio,exact_in_company,iOS,already_in_library,已在库中，不需要补,high,"当前库已有 6 条产品；样例：Block Blast!, Double Tile!, Sudoku Master!",
北京迦游,HungryStudio,exact_in_company,GP,already_in_library,已在库中，不需要补,high,"当前库已有 6 条产品；样例：Double Tile!, Block Blast!, Sudoku Master!",
北京迦游,Nut Studio,missing_local,-,not_found,暂不补；两端未找到精确开发者匹配,low,未找到精确开发者页或精确 Apple artistName。,
北京迦游,Renshengda,missing_local,-,not_found,暂不补；两端未找到精确开发者匹配,low,未找到精确开发者页或精确 Apple artistName。,
北京迦游,Shunning Casual,missing_local,-,not_found,暂不补；两端未找到精确开发者匹配,low,未找到精确开发者页或精确 Apple artistName。,
北京迦游,"Suzhou ZD Network Technology Co., Ltd.",missing_local,iOS,candidate_found_no_overlap,候选补充；已找到精确开发者页，但当前库无产品重合,medium,"Apple 精确开发者：Suzhou ZD Network Technology Co., Ltd. id=1646772642，搜索结果 1 条；样例：iOS apps: BirdSet - Color Sort Puzzle",https://apps.apple.com/developer/id1646772642
北京迦游,Valar Technology Corp,missing_local,-,not_found,暂不补；两端未找到精确开发者匹配,low,未找到精确开发者页或精确 Apple artistName。,
北京迦游,Wow Game Studio,missing_local,-,not_found,暂不补；两端未找到精确开发者匹配,low,未找到精确开发者页或精确 Apple artistName。,
北京迦游,Nebula Studio,exact_in_company,iOS,already_in_library,已在库中，不需要补,high,"当前库已有 7 条产品；样例：Word Solitaire Go, Mahjong Blast, Nut Sort GO!",
北京迦游,Shangqiu Xinf,missing_local,-,not_found,暂不补；两端未找到精确开发者匹配,low,未找到精确开发者页或精确 Apple artistName。,
北京迦游,"Lichuan Maiyachong Network Technology Co., Ltd.",missing_local,-,not_found,暂不补；两端未找到精确开发者匹配,low,未找到精确开发者页或精确 Apple artistName。,
北京迦游,Wonderful Studio,missing_local,iOS,candidate_found_no_overlap,候选补充；已找到精确开发者页，但当前库无产品重合,medium,"Apple 精确开发者：Wonderful Studio id=1820623343，搜索结果 3 条；样例：iOS apps: Block Crush！, Jade Mahjong, Sand Crush",https://apps.apple.com/developer/id1820623343
playvalve,Bluetile,exact_in_company,GP,already_in_library,已在库中，不需要补,high,"当前库已有 26 条产品；样例：Kitchen Ninja — Knife Thrower, Word Search - Word Puzzle Game, Water Sort Puz - Color Game",
playvalve,Bluetile Games S.L.,exact_in_company,iOS,already_in_library,已在库中，不需要补,high,"当前库已有 20 条产品；样例：Pixel Blast: Robot Shooter, Dot Link - Connect the Dots, Mahjong Voyage: Tile Matching",
playvalve,Playvalve,missing_local,-,not_found,暂不补；两端未找到精确开发者匹配,low,未找到精确开发者页或精确 Apple artistName。,
北京奇妙王国,Bobodoo,exact_in_company,iOS,already_in_library,已在库中，不需要补,high,"当前库已有 7 条产品；样例：Water Sort! Color Sort Puzzle, Nut Sort Puzzle Games, Ball Sort: Story Color Sort",
北京奇妙王国,Bobodoo Game,exact_in_company,GP,already_in_library,已在库中，不需要补,high,"当前库已有 12 条产品；样例：Water Sort! Color Sort Puzzle, Water Sort: Master Colors, Easy Color: Color by Number",
北京奇妙王国,Flyfox Games,exact_in_company,GP,already_in_library,已在库中，不需要补,high,"当前库已有 24 条产品；样例：Ball Sort Color: Match Puzzle!, Water Sort: Color Tube Puzzle, Mahjong Solitaire-Match Master",
北京奇妙王国,FREELAX,missing_local,GP,candidate_found_no_overlap,候选补充；已找到精确开发者页，但当前库无产品重合,medium,"GP 开发者页存在，约 4 个链接；样例：GP apps: solitaire.klondike.classic.card.games, spider.solitaire.classic.card.games.makeup, nut.sort.bolts.color.sort.puzzle.game",https://play.google.com/store/apps/developer?id=FREELAX&hl=en&gl=us
北京奇妙王国,Solitaire Card Studio,missing_local,GP,candidate_found_no_overlap,候选补充；已找到精确开发者页，但当前库无产品重合,medium,"GP 开发者页存在，约 18 个链接；样例：GP apps: ball.sort.color.water.puzzle.games, word.search.cross.games, word.connect.puzzle.games",https://play.google.com/store/apps/developer?id=Solitaire+Card+Studio&hl=en&gl=us
北京奇妙王国,Super Cleaner Studio,missing_local,-,not_found,暂不补；两端未找到精确开发者匹配,low,未找到精确开发者页或精确 Apple artistName。,
北京奇妙王国,"WONDERFUL ENTERTAINMENT CO., LTD.",missing_local,iOS,candidate_found_no_overlap,候选补充；已找到精确开发者页，但当前库无产品重合,medium,"Apple 精确开发者：WONDERFUL ENTERTAINMENT CO., LTD. id=1618175378，搜索结果 11 条；样例：iOS apps: Ball Sort - Color Sort Puzzle!, Word Connect - Train Brain, Bus Go - Car Jam,Bus Games",https://apps.apple.com/developer/id1618175378
英国tripledot,Echidna Games,missing_local,GP/iOS,candidate_found_no_overlap,候选补充；已找到精确开发者页，但当前库无产品重合,medium,"GP 开发者页存在，约 8 个链接；Apple 精确开发者：Echidna Games id=1839912098，搜索结果 3 条；样例：GP apps: games.echidna.wordblast, com.echidna.association.tile, com.echidna.jelly | iOS apps: Word Association Tiles, Dot Paint Puzzle, Sizzle Match",https://play.google.com/store/apps/developer?id=Echidna+Games&hl=en&gl=us ; https://apps.apple.com/developer/id1839912098
英国tripledot,Live Play Mobile,missing_local,-,not_found,暂不补；两端未找到精确开发者匹配,low,未找到精确开发者页或精确 Apple artistName。,
英国tripledot,Live Play Mobile Inc,missing_local,GP/iOS,candidate_found_no_overlap,候选补充；已找到精确开发者页，但当前库无产品重合,medium,GP 开发者页存在，约 1 个链接；Apple 精确开发者：Live Play Mobile Inc id=1492811012，搜索结果 1 条；样例：GP apps: com.liveplaymobile | iOS apps: Live Play Bingo: Real Hosts!,https://play.google.com/store/apps/developer?id=Live+Play+Mobile+Inc&hl=en&gl=us ; https://apps.apple.com/developer/id1492811012
英国tripledot,Tripledot Studios,exact_in_company,iOS,already_in_library,已在库中，不需要补,high,"当前库已有 76 条产品；样例：Get Color Pack: Sort Puzzle, You Know: Associations, Snake Tile",
英国tripledot,Tripledot Studios Limited,exact_in_company,GP,already_in_library,已在库中，不需要补,high,"当前库已有 77 条产品；样例：Nut Sort: Color Sorting Game, Math Crossword — Number puzzle, Block Away - Tap Out Puzzle",
奇讯新游,appgo,missing_local,-,not_found,暂不补；两端未找到精确开发者匹配,low,未找到精确开发者页或精确 Apple artistName。,
奇讯新游,Bubble Dream,missing_local,-,not_found,暂不补；两端未找到精确开发者匹配,low,未找到精确开发者页或精确 Apple artistName。,
奇讯新游,Bubblescapes,missing_local,GP,candidate_found_no_overlap,候选补充；已找到精确开发者页，但当前库无产品重合,medium,"GP 开发者页存在，约 5 个链接；样例：GP apps: com.sweet.candy.match.gp, com.idle.foodgame.catcookingbar, com.screwnuts.spin.jam.sort",https://play.google.com/store/apps/developer?id=Bubblescapes&hl=en&gl=us
奇讯新游,candy madness,missing_local,-,not_found,暂不补；两端未找到精确开发者匹配,low,未找到精确开发者页或精确 Apple artistName。,
奇讯新游,Cosmo Game,missing_local,-,not_found,暂不补；两端未找到精确开发者匹配,low,未找到精确开发者页或精确 Apple artistName。,
奇讯新游,Crazybuzz,missing_local,-,not_found,暂不补；两端未找到精确开发者匹配,low,未找到精确开发者页或精确 Apple artistName。,
奇讯新游,"CUBE(HONG KONG) TECHNOLOGY CO., LIMITED",missing_local,iOS,candidate_found_no_overlap,候选补充；已找到精确开发者页，但当前库无产品重合,medium,"Apple 精确开发者：CUBE(HONG KONG) TECHNOLOGY CO., LIMITED id=1425708958，搜索结果 9 条；样例：iOS apps: Cooking Diner-Chef Game, Bubble Shooter - Pop Puzzle!, Kidding Me - Ready for tricky?",https://apps.apple.com/developer/id1425708958
奇讯新游,DailyFun,missing_local,-,not_found,暂不补；两端未找到精确开发者匹配,low,未找到精确开发者页或精确 Apple artistName。,
奇讯新游,easygame7,missing_local,GP,candidate_found_no_overlap,候选补充；已找到精确开发者页，但当前库无产品重合,medium,"GP 开发者页存在，约 5 个链接；样例：GP apps: com.easygame.marblelegend, com.easygame.marblelegendpay, solitaire.card.games.solitaire.newyear.free",https://play.google.com/store/apps/developer?id=easygame7&hl=en&gl=us
奇讯新游,Enjoysports,missing_local,GP,candidate_found_no_overlap,候选补充；已找到精确开发者页，但当前库无产品重合,medium,"GP 开发者页存在，约 3 个链接；样例：GP apps: com.match.homemansion.design.puzzlegame, com.onehit.babymansion.puzzle, com.numberpuzzle.ten.pair.match.game",https://play.google.com/store/apps/developer?id=Enjoysports&hl=en&gl=us
奇讯新游,EYEWIND,missing_local,-,not_found,暂不补；两端未找到精确开发者匹配,low,未找到精确开发者页或精确 Apple artistName。,
奇讯新游,F.O.G.LIMITED,missing_local,iOS,candidate_found_no_overlap,候选补充；已找到精确开发者页，但当前库无产品重合,medium,"Apple 精确开发者：F.O.G.LIMITED id=1756278204，搜索结果 8 条；样例：iOS apps: Match Smash 3D®- Triple Puzzle, Sweet Candy - Match 3 Game, Dream Master-Travel Puzzle",https://apps.apple.com/developer/id1756278204
奇讯新游,"First Magic Co.,Ltd",missing_local,iOS,candidate_found_no_overlap,候选补充；已找到精确开发者页，但当前库无产品重合,medium,"Apple 精确开发者：First Magic Co.,Ltd id=1163059064，搜索结果 4 条；样例：iOS apps: Idle Food Bar: Olivia & Oliver, Idle Dragon School—Tycoon Game, Don't Touch My Mushroom",https://apps.apple.com/developer/id1163059064
奇讯新游,Fun Games free,missing_local,-,not_found,暂不补；两端未找到精确开发者匹配,low,未找到精确开发者页或精确 Apple artistName。,
奇讯新游,Fungoodgames,missing_local,GP,candidate_found_no_overlap,候选补充；已找到精确开发者页，但当前库无产品重合,medium,"GP 开发者页存在，约 5 个链接；样例：GP apps: com.cy.merge.help.gp, com.ch.ruler.match, com.solitaire.calm.logic.word.puzzle.free",https://play.google.com/store/apps/developer?id=Fungoodgames&hl=en&gl=us
奇讯新游,gameone,missing_local,GP,candidate_found_no_overlap,候选补充；已找到精确开发者页，但当前库无产品重合,medium,"GP 开发者页存在，约 18 个链接；样例：GP apps: com.my.cooking.chef.kitchen.craze.fever, com.food.dash.diner.craze.happy.ASMR, com.candysmashmania.sweetcrush.free",https://play.google.com/store/apps/developer?id=gameone&hl=en&gl=us
奇讯新游,Gamoper,missing_local,GP,candidate_found_no_overlap,候选补充；已找到精确开发者页，但当前库无产品重合,medium,"GP 开发者页存在，约 4 个链接；样例：GP apps: com.gamoper.candysweetstory.free, com.sortingstore.goods.sort.matching.puzzle, com.homedesign.babymanor.virtual.free",https://play.google.com/store/apps/developer?id=Gamoper&hl=en&gl=us
奇讯新游,Jewel Loft,missing_local,GP,candidate_found_no_overlap,候选补充；已找到精确开发者页，但当前库无产品重合,medium,"GP 开发者页存在，约 13 个链接；样例：GP apps: com.sweetcandy.puzzle.blast.crush.free, com.match3d.triple.match.legend.gp, com.goods.sortfever.market.match.puzzle",https://play.google.com/store/apps/developer?id=Jewel+Loft&hl=en&gl=us
奇讯新游,Kiwi Go Limited,missing_local,iOS,candidate_found_no_overlap,候选补充；已找到精确开发者页，但当前库无产品重合,medium,"Apple 精确开发者：Kiwi Go Limited id=1462569661，搜索结果 3 条；样例：iOS apps: Cooking Yummy-Restaurant Game, Cooking Center:Restaurant Game, Star Cooking Chef",https://apps.apple.com/developer/id1462569661
奇讯新游,MAGIC SEVEN,missing_local,-,not_found,暂不补；两端未找到精确开发者匹配,low,未找到精确开发者页或精确 Apple artistName。,
奇讯新游,"MAGIC SEVEN CO., LIMITED",missing_local,GP,candidate_found_no_overlap,候选补充；已找到精确开发者页，但当前库无产品重合,medium,"GP 开发者页存在，约 20 个链接；样例：GP apps: com.cookingcity.chef.kitchen.craze.fever, com.cooking.world.chef.craze.restaurant.fever.free, com.idle.food.bar.tycoon",https://play.google.com/store/apps/developer?id=MAGIC+SEVEN+CO.%2C+LIMITED&hl=en&gl=us
奇讯新游,"MagicSeven Co., Ltd",missing_local,iOS,candidate_found_no_overlap,候选补充；已找到精确开发者页，但当前库无产品重合,medium,"Apple 精确开发者：MagicSeven Co., Ltd id=1022421351，搜索结果 5 条；样例：iOS apps: Baby Manor - Home Design Games, Cooking Town - Restaurant Game, Cooking City: Restaurant Games",https://apps.apple.com/developer/id1022421351
奇讯新游,match_three,missing_local,-,not_found,暂不补；两端未找到精确开发者匹配,low,未找到精确开发者页或精确 Apple artistName。,
奇讯新游,matchappgame,missing_local,-,not_found,暂不补；两端未找到精确开发者匹配,low,未找到精确开发者页或精确 Apple artistName。,
奇讯新游,Mobileguru,missing_local,-,not_found,暂不补；两端未找到精确开发者匹配,low,未找到精确开发者页或精确 Apple artistName。,
奇讯新游,Noodle Games,exact_in_company,GP,already_in_library,已在库中，不需要补,high,"当前库已有 7 条产品；样例：Balls Bounce:Bricks Crasher, Balls Bounce 2, Mahjong Tours",
奇讯新游,Noodle Games Limited,exact_in_company,iOS,already_in_library,已在库中，不需要补,high,"当前库已有 15 条产品；样例：Color Water Sort, Sort Mania, Match Mansion",
奇讯新游,"ONE HIT CO., LIMITED",missing_local,GP,candidate_found_no_overlap,候选补充；已找到精确开发者页，但当前库无产品重合,medium,"GP 开发者页存在，约 7 个链接；样例：GP apps: com.match.fever.dream.puzzlegame.free, com.free.games.cake.smash.mania.puzzle, com.tapstory.sweetcrushroyal.match3",https://play.google.com/store/apps/developer?id=ONE+HIT+CO.%2C+LIMITED&hl=en&gl=us
奇讯新游,One Hit Game,missing_local,-,not_found,暂不补；两端未找到精确开发者匹配,low,未找到精确开发者页或精确 Apple artistName。,
奇讯新游,Peak Plus,missing_local,GP,candidate_found_no_overlap,候选补充；已找到精确开发者页，但当前库无产品重合,medium,"GP 开发者页存在，约 5 个链接；样例：GP apps: com.supersort.matching.goods.triple.puzzle, com.triple.joy.match3d.puzzle.matching, com.crazymania.sorting.puzzle.matchinggames",https://play.google.com/store/apps/developer?id=Peak+Plus&hl=en&gl=us
奇讯新游,"PUZZLE LOFT CO.,LIMITED",missing_local,iOS,candidate_found_no_overlap,候选补充；已找到精确开发者页，但当前库无产品重合,medium,"Apple 精确开发者：PUZZLE LOFT CO.,LIMITED id=1751862420，搜索结果 3 条；样例：iOS apps: Sort Out Match - Triple Match, Farmland Tales: Idle Life, Idle Barn Tycoon",https://apps.apple.com/developer/id1751862420
奇讯新游,Puzzle Mix,missing_local,-,not_found,暂不补；两端未找到精确开发者匹配,low,未找到精确开发者页或精确 Apple artistName。,
奇讯新游,PuzzleLoft,missing_local,GP,candidate_found_no_overlap,候选补充；已找到精确开发者页，但当前库无产品重合,medium,"GP 开发者页存在，约 19 个链接；样例：GP apps: com.match.busters.free.gp, com.dream.resort.candy.match.mania.gp, com.merge.townhorizon.puzzlegame",https://play.google.com/store/apps/developer?id=PuzzleLoft&hl=en&gl=us
奇讯新游,RedFish Game Studio,missing_local,iOS,candidate_found_no_overlap,候选补充；已找到精确开发者页，但当前库无产品重合,medium,"Apple 精确开发者：RedFish Game Studio id=1134805858，搜索结果 11 条；样例：iOS apps: Sim Hotel Tycoon, Badminton League, Hospital Fever® Doctor Games",https://apps.apple.com/developer/id1134805858
奇讯新游,RedFish Games,missing_local,GP,candidate_found_no_overlap,候选补充；已找到精确开发者页，但当前库无产品重合,medium,"GP 开发者页存在，约 3 个链接；样例：GP apps: com.hospital.craze.clinic.happy.doctor.ASMR, com.airplanecooking.chef.kitchen.restaurant.diner, badminton.king.sportsgame.smash",https://play.google.com/store/apps/developer?id=RedFish+Games&hl=en&gl=us
奇讯新游,Shiquan SHI,missing_local,iOS,candidate_found_no_overlap,候选补充；已找到精确开发者页，但当前库无产品重合,medium,"Apple 精确开发者：Shiquan SHI id=1247337836，搜索结果 7 条；样例：iOS apps: Toy Bomb: Pop Cube Blast Mania, Arcade Bowling Go: Board Game, Bubble Panda Legend: Blast Pop",https://apps.apple.com/developer/id1247337836
奇讯新游,SmashZ Limited,missing_local,-,not_found,暂不补；两端未找到精确开发者匹配,low,未找到精确开发者页或精确 Apple artistName。,
奇讯新游,SugarFun,missing_local,GP,candidate_found_no_overlap,候选补充；已找到精确开发者页，但当前库无产品重合,medium,GP 开发者页存在，约 1 个链接；样例：GP apps: com.appgame7.toytapfever.free,https://play.google.com/store/apps/developer?id=SugarFun&hl=en&gl=us
奇讯新游,Tap Happy,missing_local,GP,candidate_found_no_overlap,候选补充；已找到精确开发者页，但当前库无产品重合,medium,"GP 开发者页存在，约 20 个链接；样例：GP apps: com.plantdressup.gardenscapes, com.taphappy.gardendressup.free, com.k3games.airportmanager",https://play.google.com/store/apps/developer?id=Tap+Happy&hl=en&gl=us
奇讯新游,Teewee Games,missing_local,iOS,candidate_found_no_overlap,候选补充；已找到精确开发者页，但当前库无产品重合,medium,"Apple 精确开发者：Teewee Games id=1573755136，搜索结果 5 条；样例：iOS apps: Marble Master, Word MindSort: Solitaire, Marble Legend",https://apps.apple.com/developer/id1573755136
奇讯新游,TEEWEE LIMITED,missing_local,GP,candidate_found_no_overlap,候选补充；已找到精确开发者页，但当前库无产品重合,medium,"GP 开发者页存在，约 5 个链接；样例：GP apps: com.word.solitaire.sort, com.zuma.deluxe.marble.puzzle, com.best.wordsearch.free",https://play.google.com/store/apps/developer?id=TEEWEE+LIMITED&hl=en&gl=us
奇讯新游,"Xi'an Qi Guo Network Technology Co., Ltd.",missing_local,iOS,candidate_found_no_overlap,候选补充；已找到精确开发者页，但当前库无产品重合,medium,"Apple 精确开发者：Xi'an Qi Guo Network Technology Co., Ltd. id=1088734521，搜索结果 39 条；样例：iOS apps: Mermaid Makeup Dressup, Be An Ice Cream Master, Long Hair Princess Salon",https://apps.apple.com/developer/id1088734521
奇讯新游,Xiaokun Feng21888558573,missing_local,iOS,candidate_found_no_overlap,候选补充；已找到精确开发者页，但当前库无产品重合,medium,"Apple 精确开发者：Xiaokun Feng21888558573 id=1237458832，搜索结果 4 条；样例：iOS apps: Bubble Shooter - OCEAN, Cake Smash Mania, Bubble Shooter Balls: Popping!",https://apps.apple.com/developer/id1237458832
奇讯新游,Yo App,missing_local,GP,candidate_found_no_overlap,候选补充；已找到精确开发者页，但当前库无产品重合,medium,"GP 开发者页存在，约 9 个链接；样例：GP apps: com.candy.sweet.legend.free, com.toy.cubes.blast.toy.crush.free, com.sweet.candy.tales.gp",https://play.google.com/store/apps/developer?id=Yo+App&hl=en&gl=us
奇讯新游,波 杨,missing_local,iOS,candidate_found_no_overlap,候选补充；已找到精确开发者页，但当前库无产品重合,medium,"Apple 精确开发者：波 杨 id=870442522，搜索结果 3 条; 波 杨 id=1423515727，搜索结果 10 条；样例：iOS apps: Candy Fever Bomb, Candy Blast Fever: Cookie Bomb, Marble Kingdom | iOS apps: 元气习惯打卡, 恋爱聊天话术-10w+话术让你成为恋爱达人, 乐言文字视频-最好用的文字动画视频制作软件",https://apps.apple.com/developer/id870442522 ; https://apps.apple.com/developer/id1423515727 ; https://apps.apple.com/developer/id1860936061
奇讯新游,高科 侯,missing_local,iOS,candidate_found_no_overlap,候选补充；已找到精确开发者页，但当前库无产品重合,medium,"Apple 精确开发者：高科 侯 id=1261253961，搜索结果 8 条；样例：iOS apps: Toy Cubes Pop:Blast Cubes, Sweet Candy - Puzzle Mania, Candy Sweet Legend - Match 3",https://apps.apple.com/developer/id1261253961
奇讯新游,浩 章,missing_local,iOS,candidate_found_no_overlap,候选补充；已找到精确开发者页，但当前库无产品重合,medium,"Apple 精确开发者：浩 章 id=553383736，搜索结果 17 条；样例：iOS apps: Real Pool 3D 2, Real Pool 3D: Online Pool Game, Idle Hotel Kingdom Tycoon",https://apps.apple.com/developer/id553383736
奇讯新游,琴 马,missing_local,-,not_found,暂不补；两端未找到精确开发者匹配,low,未找到精确开发者页或精确 Apple artistName。,
奇讯新游,书涛 刘,missing_local,iOS,candidate_found_no_overlap,候选补充；已找到精确开发者页，但当前库无产品重合,medium,"Apple 精确开发者：书涛 刘 id=1643878742，搜索结果 5 条；样例：iOS apps: Idle Train Empire - Idle Games, Idle Airport Empire Tycoon, Idle Cinema Empire: Idle Games",https://apps.apple.com/developer/id1643878742
奇讯新游,肖见 陈,missing_local,iOS,candidate_found_no_overlap,候选补充；已找到精确开发者页，但当前库无产品重合,medium,"Apple 精确开发者：肖见 陈 id=1160262972，搜索结果 16 条；样例：iOS apps: Super Jabber Jump, Railway Tycoon - Idle Game, ! Chess !",https://apps.apple.com/developer/id1160262972
奇讯新游,小坤 冯,missing_local,iOS,candidate_found_no_overlap,候选补充；已找到精确开发者页，但当前库无产品重合,medium,"Apple 精确开发者：小坤 冯 id=1181261198，搜索结果 28 条; 小坤 冯 id=1246724804，搜索结果 6 条；样例：iOS apps: Bubble Shooter - POP!, Sweet Fever Candy, Bubble World Mania | iOS apps: Bubble Shooter Move, Bonbons Crush Legend, Cookie Blast Legend",https://apps.apple.com/developer/id1181261198 ; https://apps.apple.com/developer/id1246724804
深圳乐言科技,Brainit Games,missing_local,GP,candidate_found_no_overlap,候选补充；已找到精确开发者页，但当前库无产品重合,medium,"GP 开发者页存在，约 20 个链接；样例：GP apps: bubble.shooter.pop.marble.cannon.match.color.three.puzzle.game, rescue.dragon.save.princess.jam.traffic.puzzle, mahjongsolitaire.mahjong.solitaire.free.offline.game",https://play.google.com/store/apps/developer?id=Brainit+Games&hl=en&gl=us
深圳乐言科技,CHEN GUANGXIE,missing_local,-,not_found,暂不补；两端未找到精确开发者匹配,low,未找到精确开发者页或精确 Apple artistName。,
深圳乐言科技,ChillMinds Games,missing_local,-,not_found,暂不补；两端未找到精确开发者匹配,low,未找到精确开发者页或精确 Apple artistName。,
深圳乐言科技,Connect Word Games,missing_local,-,not_found,暂不补；两端未找到精确开发者匹配,low,未找到精确开发者页或精确 Apple artistName。,
深圳乐言科技,Fantasy Word Games,missing_local,-,not_found,暂不补；两端未找到精确开发者匹配,low,未找到精确开发者页或精确 Apple artistName。,
深圳乐言科技,"Free Puzzle Games, Ltd.",missing_local,-,not_found,暂不补；两端未找到精确开发者匹配,low,未找到精确开发者页或精确 Apple artistName。,
深圳乐言科技,Fruit Puzzle Games,exact_in_company,GP,already_in_library,已在库中，不需要补,high,"当前库已有 33 条产品；样例：Find Hidden Objects, Classic Slots - Jackpot Casino, Pyramid Solitaire - Farm Trip",
深圳乐言科技,"Fruit Puzzle Games, Ltd.",missing_local,-,not_found,暂不补；两端未找到精确开发者匹配,low,未找到精确开发者页或精确 Apple artistName。,
深圳乐言科技,Han Feng,missing_local,-,not_found,暂不补；两端未找到精确开发者匹配,low,未找到精确开发者页或精确 Apple artistName。,
深圳乐言科技,Hongyan Zhan,missing_local,-,not_found,暂不补；两端未找到精确开发者匹配,low,未找到精确开发者页或精确 Apple artistName。,
深圳乐言科技,"Lighthouse, Inc.",missing_local,GP,candidate_found_no_overlap,候选补充；已找到精确开发者页，但当前库无产品重合,medium,"GP 开发者页存在，约 4 个链接；样例：GP apps: com.peacock.flashlight, com.peacock.pic.image.edit, com.ai.aigc.art.photo.edit.tuyaya",https://play.google.com/store/apps/developer?id=Lighthouse%2C+Inc.&hl=en&gl=us
深圳乐言科技,Magic Word Games,missing_local,GP,candidate_found_no_overlap,候选补充；已找到精确开发者页，但当前库无产品重合,medium,"GP 开发者页存在，约 10 个链接；样例：GP apps: word.riddles.guess.brain.test.tricky.puzzle.quiz.game.free, trivia.quiz.trivia.star.millionaire.word.question.offine.game.free, com.crossword.bible.cookies.find.english",https://play.google.com/store/apps/developer?id=Magic+Word+Games&hl=en&gl=us
深圳乐言科技,People Lovin Games,missing_local,GP,candidate_found_no_overlap,候选补充；已找到精确开发者页，但当前库无产品重合,medium,"GP 开发者页存在，约 20 个链接；样例：GP apps: ball.ballsort.watersort.color.colorsort.watercolor.puzzle, spades.classic.card.free.online.offline.multiplayer, solitaire.tripeaks.design.free.card.games.house.home.decor",https://play.google.com/store/apps/developer?id=People+Lovin+Games&hl=en&gl=us
深圳乐言科技,"Shoreline Park, Inc.",missing_local,GP,candidate_found_no_overlap,候选补充；已找到精确开发者页，但当前库无产品重合,medium,"GP 开发者页存在，约 5 个链接；样例：GP apps: klondike.solitaire.cardgames.puzzle.free.offline.freecell.spider, com.shoreline.game.spider.solitaire, freecell.solitaire.cardgames.puzzle.free.offline.klondike.patience",https://play.google.com/store/apps/developer?id=Shoreline+Park%2C+Inc.&hl=en&gl=us
深圳乐言科技,"Solitaire Card Games , Inc.",missing_local,GP,candidate_found_no_overlap,候选补充；已找到精确开发者页，但当前库无产品重合,medium,"GP 开发者页存在，约 2 个链接；样例：GP apps: com.lemongame.freecell.solitaire, com.lemongame.mahjong.solitaire",https://play.google.com/store/apps/developer?id=Solitaire+Card+Games+%2C+Inc.&hl=en&gl=us
深圳乐言科技,Solitaire Card Games Ltd,missing_local,GP,candidate_found_no_overlap,候选补充；已找到精确开发者页，但当前库无产品重合,medium,GP 开发者页存在，约 1 个链接；样例：GP apps: com.lemongame.klondike.solitaire,https://play.google.com/store/apps/developer?id=Solitaire+Card+Games+Ltd&hl=en&gl=us
深圳乐言科技,Spider Solitaire Card Games,missing_local,GP,candidate_found_no_overlap,候选补充；已找到精确开发者页，但当前库无产品重合,medium,"GP 开发者页存在，约 3 个链接；样例：GP apps: com.happysky.spider, com.happysky.blackjack, com.happysky.pencilsketch",https://play.google.com/store/apps/developer?id=Spider+Solitaire+Card+Games&hl=en&gl=us
深圳乐言科技,sushu zhang,missing_local,-,not_found,暂不补；两端未找到精确开发者匹配,low,未找到精确开发者页或精确 Apple artistName。,
深圳乐言科技,Topy Games,exact_in_company,GP,already_in_library,已在库中，不需要补,high,"当前库已有 57 条产品；样例：Trivia Puzzle - Quiz Word Game, Skat - Card Game, Gin Rummy - Classic Card Game",
深圳乐言科技,Word Connect Games,missing_local,-,not_found,暂不补；两端未找到精确开发者匹配,low,未找到精确开发者页或精确 Apple artistName。,
深圳乐言科技,惠英 印,missing_local,iOS,candidate_found_no_overlap,候选补充；已找到精确开发者页，但当前库无产品重合,medium,"Apple 精确开发者：惠英 印 id=1017279808，搜索结果 4 条；样例：iOS apps: Photo Sketch - Doodle Effects, Image Editor - Filters Sticker, Countdown - To Big Event Day",https://apps.apple.com/developer/id1017279808
深圳乐言科技,举 郑,exact_in_company,iOS,already_in_library,已在库中，不需要补,high,"当前库已有 25 条产品；样例：Pyramid Solitaire Classic Card, Truco Master: Card Game, Belote - Franch Card Game",
深圳乐言科技,俊威 钟,exact_in_company,iOS,already_in_library,已在库中，不需要补,high,"当前库已有 25 条产品；样例：Word Trivia: Brain Quiz Games, Protect Girl : Dragon Puzzle, Blossom Triple Match: Sort It!",
深圳乐言科技,立明 张,missing_local,iOS,candidate_found_no_overlap,候选补充；已找到精确开发者页，但当前库无产品重合,medium,"Apple 精确开发者：立明 张 id=1048524741，搜索结果 7 条; 立明 张 id=706872940，搜索结果 2 条；样例：iOS apps: Split Camera - Mirror Pic Crop, Sketch Master - Cartoon Filter, Change Face - Maker Visage Photo In Pic Frame Hole | iOS apps: Dawn Of Three Kingdoms, 黎明三国2",https://apps.apple.com/developer/id1048524741 ; https://apps.apple.com/developer/id706872940
深圳乐言科技,丽莲 梁,missing_local,iOS,candidate_found_no_overlap,候选补充；已找到精确开发者页，但当前库无产品重合,medium,"Apple 精确开发者：丽莲 梁 id=1206737542，搜索结果 17 条；样例：iOS apps: How Old Am I ? - Face Camera, Photo Reflection -Water Effect, Video Clips - Cut Crop & Merge",https://apps.apple.com/developer/id1206737542
深圳乐言科技,柳 王,missing_local,iOS,candidate_found_no_overlap,候选补充；已找到精确开发者页，但当前库无产品重合,medium,"Apple 精确开发者：柳 王 id=1019029989，搜索结果 8 条；样例：iOS apps: Bokeh Camera - Color Effects, Fish Eye Camera - Selfie Photo Editor with Lens, Color Filter Effects, Zombie Camera - Halloween Face",https://apps.apple.com/developer/id1019029989
深圳乐言科技,毅 朱,missing_local,iOS,candidate_found_no_overlap,候选补充；已找到精确开发者页，但当前库无产品重合,medium,"Apple 精确开发者：毅 朱 id=1022751007，搜索结果 10 条；样例：iOS apps: Switch & Cut Me In -Photo Blur, Sketch Pad - My Drawing Board, Eye Color Changer -Face Makeup",https://apps.apple.com/developer/id1022751007
深圳乐言科技,云涌 段,missing_local,iOS,candidate_found_no_overlap,候选补充；已找到精确开发者页，但当前库无产品重合,medium,"Apple 精确开发者：云涌 段 id=1080185389，搜索结果 8 条；样例：iOS apps: Pencil Sketch Photo Camera, Photo Eraser - Pics Cutout Cam, Voice Changer - Change Tones",https://apps.apple.com/developer/id1080185389
深圳乐言科技,昭 陈,missing_local,iOS,candidate_found_no_overlap,候选补充；已找到精确开发者页，但当前库无产品重合,medium,"Apple 精确开发者：昭 陈 id=1204638055，搜索结果 3 条；样例：iOS apps: What My Baby Look Like?, Photo Editor - Image Beauty, Kids Doodle - Draw Sketch",https://apps.apple.com/developer/id1204638055
上海襄翼,Block Puzzle Games Jewel,missing_local,-,not_found,暂不补；两端未找到精确开发者匹配,low,未找到精确开发者页或精确 Apple artistName。,
上海襄翼,Bubble Shooter Fun Games,exact_in_company,GP,already_in_library,已在库中，不需要补,high,"当前库已有 5 条产品；样例：Bubble Shooter: Fun Pop Game, Wood Block Smash Puzzle, Block Puzzle: Magic Jungle",
上海襄翼,Dream Tiles Piano Game Studio,missing_local,GP,candidate_found_no_overlap,候选补充；已找到精确开发者页，但当前库无产品重合,medium,"GP 开发者页存在，约 3 个链接；样例：GP apps: game.piano.music.tiles.challenge, piano.game.music.rush.tiles, piano.game.music.beat.tiles",https://play.google.com/store/apps/developer?id=Dream+Tiles+Piano+Game+Studio&hl=en&gl=us
上海襄翼,JC Puzzle Games Studio,missing_local,GP,candidate_found_no_overlap,候选补充；已找到精确开发者页，但当前库无产品重合,medium,"GP 开发者页存在，约 6 个链接；样例：GP apps: com.jc.tilematch, com.jc.mahjongtile, com.jc.blockpuzzle.color.game",https://play.google.com/store/apps/developer?id=JC+Puzzle+Games+Studio&hl=en&gl=us
上海襄翼,Lynn Mobile Puzzle Games,exact_in_company,GP,already_in_library,已在库中，不需要补,high,"当前库已有 14 条产品；样例：Bubble Shooter Gem Puzzle Pop, Block Rush: Story & Puzzle, Jewels Adventure Match Blast",
上海襄翼,Piano Music Studio,exact_in_company,iOS,already_in_library,已在库中，不需要补,high,"当前库已有 3 条产品；样例：Block Puzzle: Diamond Star, Wood Block 99 - Sudoku Puzzle, Block Puzzle Wood Blast",
上海襄翼,"Shanghai Freemind Software Co., Ltd.",exact_in_company,iOS,already_in_library,已在库中，不需要补,high,"当前库已有 9 条产品；样例：Jewels Adventure Match Blast, Bubble Shooter: Puzzle Pop 3, Block Puzzle Gem: Jewel Blast",
上海襄翼,Wood Puzzle Sudoku Games,exact_in_company,GP,already_in_library,已在库中，不需要补,high,"当前库已有 11 条产品；样例：Jewels Match: Puzzle Games, Screw Fever! Sort Puzzle, Tile Match: Rescue Story",
杭州胜加,WinPlus Games,exact_in_company,GP,already_in_library,已在库中，不需要补,high,"当前库已有 6 条产品；样例：Pairing Tile, Tile Moment, Matching Pine",
杭州胜加,WinPlus Games Limited,exact_in_company,iOS,already_in_library,已在库中，不需要补,high,"当前库已有 3 条产品；样例：Match Mahjong: Tile Game, Gin Rummy Frenzy - Card Game, Cozy Room",
杭州胜加,Zack Shi,missing_local,iOS,candidate_found_no_overlap,候选补充；已找到精确开发者页，但当前库无产品重合,medium,Apple 精确开发者：Zack Shi id=1889170680，搜索结果 1 条；样例：iOS apps: Tile Comfort: Triple Match,https://apps.apple.com/developer/id1889170680
北京红海无限,AIM TOP GAME TECHNOLOGY LIMITED,exact_in_company,GP/iOS,already_in_library,已在库中，不需要补,high,"当前库已有 6 条产品；样例：Dicedom - Merge Puzzle, Color Rings Puzzle, Solitaire Jigsaw kingdom",
北京红海无限,AweStrike Game Technology Limited,exact_in_company,GP/iOS,already_in_library,已在库中，不需要补,high,"当前库已有 3 条产品；样例：Footy Journey:Soccer Club 2026, Footy Journey™Soccer Saga 2026, Footy Journey™ : Soccer Saga",
北京红海无限,Beijing Hong Hai Wu Xian,exact_in_company,GP,already_in_library,已在库中，不需要补,high,"当前库已有 7 条产品；样例：Bubble Shooter, Bubble Crush Puzzle Game, Bubble Crush : Pop Game",
北京红海无限,Beijing Hong Hai Wu Xian Ltd,exact_in_company,GP,already_in_library,已在库中，不需要补,high,"当前库已有 6 条产品；样例：Fruit Block - Puzzle Legend, Fruit Block Friends, Mother Match: Home Design",
北京红海无限,"Beijing Hong Hai Wu Xian Technology Co., Ltd",missing_local,-,not_found,暂不补；两端未找到精确开发者匹配,low,未找到精确开发者页或精确 Apple artistName。,
北京红海无限,"Beijing Youyoutang Technology Co.,ltd.",exact_in_company,GP/iOS,already_in_library,已在库中，不需要补,high,"当前库已有 5 条产品；样例：Sweet Fruit Candy, Hexa Run - Block Puzzle, Arrowscapes™ - Arrows Puzzle",
北京红海无限,BigPeng,missing_local,-,not_found,暂不补；两端未找到精确开发者匹配,low,未找到精确开发者页或精确 Apple artistName。,
北京红海无限,DG&G,exact_in_company,GP,already_in_library,已在库中，不需要补,high,当前库已有 1 条产品；样例：Dragondodo - Jewel Blast,
北京红海无限,EASY PLAY GAME TECHNOLOGY LIMITED,exact_in_company,GP,already_in_library,已在库中，不需要补,high,"当前库已有 4 条产品；样例：Shoot Bubble - Fruit Splash, FurrJam:Hop In!, Bus Loop: Car jam",
北京红海无限,Fire&Games,missing_local,-,not_found,暂不补；两端未找到精确开发者匹配,low,未找到精确开发者页或精确 Apple artistName。,
北京红海无限,FlyDogGame,exact_in_company,GP,already_in_library,已在库中，不需要补,high,"当前库已有 5 条产品；样例：Goods Group™ - Sort Game, Goods Manor, Love & Peace - Goods Sorting",
北京红海无限,Fruit Candy Blast,exact_in_company,GP,already_in_library,已在库中，不需要补,high,"当前库已有 6 条产品；样例：Fruit Candy Blast, Wool Painting, Wordsort",
北京红海无限,Fun Free Fun,missing_local,-,not_found,暂不补；两端未找到精确开发者匹配,low,未找到精确开发者页或精确 Apple artistName。,
北京红海无限,FunLink.Studio,missing_local,-,not_found,暂不补；两端未找到精确开发者匹配,low,未找到精确开发者页或精确 Apple artistName。,
北京红海无限,Game Ocean Technology Limited,exact_in_company,GP/iOS,already_in_library,已在库中，不需要补,high,"当前库已有 6 条产品；样例：Zombie War - The Last Survivor, Break & Run, Juice Manor - ASMR Water Sort",
北京红海无限,gaolipei,missing_local,GP,candidate_found_no_overlap,候选补充；已找到精确开发者页，但当前库无产品重合,medium,"GP 开发者页存在，约 2 个链接；样例：GP apps: gem.sort.color.match.puzzle.paint, com.jigsaw.threedimension.shooting",https://play.google.com/store/apps/developer?id=gaolipei&hl=en&gl=us
北京红海无限,George&Game,missing_local,-,not_found,暂不补；两端未找到精确开发者匹配,low,未找到精确开发者页或精确 Apple artistName。,
北京红海无限,Happy Dragon Inc.,missing_local,-,not_found,暂不补；两端未找到精确开发者匹配,low,未找到精确开发者页或精确 Apple artistName。,
北京红海无限,heidoggame,missing_local,-,not_found,暂不补；两端未找到精确开发者匹配,low,未找到精确开发者页或精确 Apple artistName。,
北京红海无限,homeboy91,missing_local,-,not_found,暂不补；两端未找到精确开发者匹配,low,未找到精确开发者页或精确 Apple artistName。,
北京红海无限,"Hong Hai Wu Xian Technology Development Co., Ltd.",missing_local,-,not_found,暂不补；两端未找到精确开发者匹配,low,未找到精确开发者页或精确 Apple artistName。,
北京红海无限,hua weiwei,exact_in_company,GP,already_in_library,已在库中，不需要补,high,"当前库已有 3 条产品；样例：Block Puzzle Jewel, Dropdom - Jewel Blast, Yarn out - color puzzle",
北京红海无限,hugolovegame,missing_local,-,not_found,暂不补；两端未找到精确开发者匹配,low,未找到精确开发者页或精确 Apple artistName。,
北京红海无限,Jigsaw Puzzles Berlin,exact_in_company,GP,already_in_library,已在库中，不需要补,high,"当前库已有 2 条产品；样例：Jigsaw Puzzles - Block Puzzle, Goods Merge - Jigsaw Puzzles",
北京红海无限,Juice Candy,missing_local,-,not_found,暂不补；两端未找到精确开发者匹配,low,未找到精确开发者页或精确 Apple artistName。,
北京红海无限,Juicy Candy Studio,exact_in_company,GP,already_in_library,已在库中，不需要补,high,当前库已有 1 条产品；样例：Jigzen Puzzles,
北京红海无限,Legend Game Inc.,missing_local,-,not_found,暂不补；两端未找到精确开发者匹配,low,未找到精确开发者页或精确 Apple artistName。,
北京红海无限,lidennis,missing_local,-,not_found,暂不补；两端未找到精确开发者匹配,low,未找到精确开发者页或精确 Apple artistName。,
北京红海无限,Pop Stone Game,exact_in_company,iOS,already_in_library,已在库中，不需要补,high,"当前库已有 4 条产品；样例：Juice Bar: Fruit Puzzle, Order Crush : Sort Puzzle, Marble Loop - Ball Sort",
北京红海无限,PopStoneGameTechnologyLimited-Shooting,exact_in_company,GP,already_in_library,已在库中，不需要补,high,"当前库已有 4 条产品；样例：Shooting Ball, Shooting Archery, Fruit Blend: Calm Juicer",
北京红海无限,RedInfinity Studio,exact_in_company,GP/iOS,already_in_library,已在库中，不需要补,high,"当前库已有 6 条产品；样例：Fruit Link - Line Blast, Jigmerge™ Puzzles, Jigmerge™ Puzzle",
北京红海无限,Shoyo Mobi Tech Limited,exact_in_company,GP,already_in_library,已在库中，不需要补,high,"当前库已有 4 条产品；样例：Merge Farm, Water Colors – Sorting & Match, Ballsort - solar system",
北京红海无限,sun boyang,exact_in_company,iOS,already_in_library,已在库中，不需要补,high,"当前库已有 4 条产品；样例：Bubble Shooter Panda Crush, Art of Blast: Puzzle & Friends, Sticker Sort-Merge Game",
北京红海无限,sundapeng,exact_in_company,GP,already_in_library,已在库中，不需要补,high,"当前库已有 4 条产品；样例：Marble Smash Ancient, Gossip Domino Game, Super Dispatcher:Traffic Jam",
北京红海无限,sweet fun puzzle game,missing_local,-,not_found,暂不补；两端未找到精确开发者匹配,low,未找到精确开发者页或精确 Apple artistName。,
北京红海无限,SweetGame,missing_local,GP,candidate_found_no_overlap,候选补充；已找到精确开发者页，但当前库无产品重合,medium,GP 开发者页存在，约 1 个链接；样例：GP apps: number.puzzle.cross.math.brain.jam,https://play.google.com/store/apps/developer?id=SweetGame&hl=en&gl=us
北京红海无限,TAP GAMES,missing_local,-,not_found,暂不补；两端未找到精确开发者匹配,low,未找到精确开发者页或精确 Apple artistName。,
北京红海无限,TaTa Game Technology Limited,exact_in_company,GP,already_in_library,已在库中，不需要补,high,"当前库已有 4 条产品；样例：Help the lady, Birdpapa - Bubble Crush, 3D Bubble Shoot - ASMR Game",
北京红海无限,Tokyo ゾンビ ハンター,missing_local,-,not_found,暂不补；两端未找到精确开发者匹配,low,未找到精确开发者页或精确 Apple artistName。,
北京红海无限,tomlovegame,missing_local,-,not_found,暂不补；两端未找到精确开发者匹配,low,未找到精确开发者页或精确 Apple artistName。,
北京红海无限,UUTEAM Technology Limited-Dragon Inc.,exact_in_company,GP,already_in_library,已在库中，不需要补,high,"当前库已有 4 条产品；样例：Bubble Shooter, Bubble Shooter:Jurassic World, Fruit Jam: Pack & Truck",
北京红海无限,головоломка world studio,missing_local,-,not_found,暂不补；两端未找到精确开发者匹配,low,未找到精确开发者页或精确 Apple artistName。,
北京红海无限,博斯 吕,exact_in_company,iOS,already_in_library,已在库中，不需要补,high,"当前库已有 4 条产品；样例：Glow Rings Puzzle, JewelKing - Puzzle Legend, Unblock Red Wood",
北京红海无限,大鹏 孙,exact_in_company,iOS,already_in_library,已在库中，不需要补,high,"当前库已有 4 条产品；样例：Bubble Shooter Bear Pop, Puzzle Game Blast, Billiard Hero:Rescue Shot",
北京红海无限,俊杰 徐,exact_in_company,iOS,already_in_library,已在库中，不需要补,high,"当前库已有 6 条产品；样例：Billipool-Ball Shooting, Arrow Master: Archery Game, Marblepuzzle-Ball Shoot",
北京红海无限,孟磊 朱,exact_in_company,iOS,already_in_library,已在库中，不需要补,high,"当前库已有 6 条产品；样例：Bubble Shooter Balloon Fly, Cookie Crush Fever, Block Puzzle Wood",
北京红海无限,森 乔,exact_in_company,iOS,already_in_library,已在库中，不需要补,high,"当前库已有 4 条产品；样例：Candy Manor - Home Design, Zombie War - The Last Survivor, Break&Run",
北京红海无限,森 乔 (Sen Qiao),missing_local,-,not_found,暂不补；两端未找到精确开发者匹配,low,未找到精确开发者页或精确 Apple artistName。,
北京红海无限,松 郑,exact_in_company,iOS,already_in_library,已在库中，不需要补,high,"当前库已有 7 条产品；样例：Bubble Shooter Dragon Pop, Wood Cube Puzzle, Dicedom - Merge Puzzle",
北京红海无限,伟诚 安,exact_in_company,iOS,already_in_library,已在库中，不需要补,high,"当前库已有 2 条产品；样例：Zombie Shooting: Dead City, Dress Up Queen",
北京红海无限,逍遊互動科技有限公司,missing_local,-,not_found,暂不补；两端未找到精确开发者匹配,low,未找到精确开发者页或精确 Apple artistName。,
北京红海无限,宇亮 闫,exact_in_company,iOS,already_in_library,已在库中，不需要补,high,"当前库已有 8 条产品；样例：Bubble Shooter - Fashion Bird, Bubble Shooter - Original Bear, Sweet Jelly Story",
北京红海无限,블록 스튜디오,exact_in_company,GP,already_in_library,已在库中，不需要补,high,当前库已有 1 条产品；样例：8 Ball Challenge,
北京棕榈创想,ASTER GAME,exact_in_company,iOS,already_in_library,已在库中，不需要补,high,当前库已有 1 条产品；样例：Solitaire Lite - Big Card,
北京棕榈创想,Cooking Games Studio,exact_in_company,GP,already_in_library,已在库中，不需要补,high,"当前库已有 5 条产品；样例：Cooking Journey: Cooking Games, Block Dash: Color Block Puzzle, Cooking Fun®: Cooking Games",
北京棕榈创想,Jigsaw Puzzle Game Studio,missing_local,-,not_found,暂不补；两端未找到精确开发者匹配,low,未找到精确开发者页或精确 Apple artistName。,
北京棕榈创想,Oasis Games LTD,exact_in_company,iOS,already_in_library,已在库中，不需要补,high,当前库已有 1 条产品；样例：Word Oasis: Calm Puzzle Game,
北京棕榈创想,Paint by number - Relax & Beautiful Coloring Games,missing_local,-,not_found,暂不补；两端未找到精确开发者匹配,low,未找到精确开发者页或精确 Apple artistName。,
北京棕榈创想,Palmax Group Limited,exact_in_company,iOS,already_in_library,已在库中，不需要补,high,"当前库已有 8 条产品；样例：Otium Word: Relax Puzzle Game, Solitaire Relax®: Classic Card, Otium Word Search: Fun Game",
北京棕榈创想,Poly Design Workroom Limited,exact_in_company,iOS,already_in_library,已在库中，不需要补,high,"当前库已有 6 条产品；样例：Cooking Fun®: Food Games, Cooking Journey: Food Games, Color by Number : Calm Art",
北京棕榈创想,Solitaire Fish - Solitaire Card Games,missing_local,-,not_found,暂不补；两端未找到精确开发者匹配,low,未找到精确开发者页或精确 Apple artistName。,
北京棕榈创想,Solitaire Fish Studio,missing_local,-,not_found,暂不补；两端未找到精确开发者匹配,low,未找到精确开发者页或精确 Apple artistName。,
北京棕榈创想,Solitaire Relax® - Solitaire Card Games,exact_in_company,GP,already_in_library,已在库中，不需要补,high,"当前库已有 5 条产品；样例：Otium Word - Relax Puzzle Game, Otium Word: Word Search, Solitaire Relax®: Classic Card",
北京棕榈创想,TCstudio,exact_in_company,iOS,already_in_library,已在库中，不需要补,high,"当前库已有 2 条产品；样例：Hospital Mania - Zoo Story, Solitaire Cozy - Big Card",
北京棕榈创想,Water Sort Game Studio,missing_local,-,not_found,暂不补；两端未找到精确开发者匹配,low,未找到精确开发者页或精确 Apple artistName。,
北京珑索科技,Dragon Candy mobile,exact_in_company,GP,already_in_library,已在库中，不需要补,high,"当前库已有 7 条产品；样例：Tile Rescue, FallingUnBlock, Hidden Objects Master: Retro",
北京珑索科技,Dragon Star,missing_local,GP,candidate_found_no_overlap,候选补充；已找到精确开发者页，但当前库无产品重合,medium,"GP 开发者页存在，约 7 个链接；样例：GP apps: com.screw.puzzle.nuts_android, com.relax.free.jigsaw.puzzle, com.game.sjm_android",https://play.google.com/store/apps/developer?id=Dragon+Star&hl=en&gl=us
北京珑索科技,Microchaos,exact_in_company,GP,already_in_library,已在库中，不需要补,high,"当前库已有 7 条产品；样例：Word Spark: Solitaire Journey, Traffic Jam Master: Car Escape, Gem Puzzle Dom",
北京珑索科技,Sweetener,exact_in_company,GP,already_in_library,已在库中，不需要补,high,"当前库已有 9 条产品；样例：Water Puzzle: Sort Color Jam, Falling Puzzle®, Diamond Art Master: Color&Sort",
北京珑索科技,T.Societe,exact_in_company,GP,already_in_library,已在库中，不需要补,high,"当前库已有 11 条产品；样例：Screw Up Family: Story Puzzle, Screw Out Master: Story&Puzzle, Wood 88:Block Puzzle Game",
北京珑索科技,澳军 魏,exact_in_company,iOS,already_in_library,已在库中，不需要补,high,"当前库已有 5 条产品；样例：Match Story - Match 3 Games, Goods Triple Match:Sort Master, Tile Story: Cozy Tile Journey",
北京珑索科技,凯 李,missing_local,-,not_found,暂不补；两端未找到精确开发者匹配,low,未找到精确开发者页或精确 Apple artistName。,
北京珑索科技,力 陈,missing_local,iOS,candidate_found_no_overlap,候选补充；已找到精确开发者页，但当前库无产品重合,medium,Apple 精确开发者：力 陈 id=1763246660，搜索结果 1 条; 力 陈 id=1737331171，搜索结果 1 条；样例：iOS apps: Screw Up Family: Story Puzzle | iOS apps: 光之灿,https://apps.apple.com/developer/id1763246660 ; https://apps.apple.com/developer/id1737331171 ; https://apps.apple.com/developer/id1537759863
北京珑索科技,文奇 陈,missing_local,iOS,candidate_found_no_overlap,候选补充；已找到精确开发者页，但当前库无产品重合,medium,"Apple 精确开发者：文奇 陈 id=1767527328，搜索结果 2 条; 文奇 陈 id=1512660356，搜索结果 1 条；样例：iOS apps: Screw Out Master, Arrow Clear Master | iOS apps: Farmers Only Meet Community",https://apps.apple.com/developer/id1767527328 ; https://apps.apple.com/developer/id1512660356
北京珑索科技,燕 肖,missing_local,iOS,candidate_found_no_overlap,候选补充；已找到精确开发者页，但当前库无产品重合,medium,"Apple 精确开发者：燕 肖 id=1767256079，搜索结果 2 条；样例：iOS apps: Arrow Go! Tap to Escape, Screw Jam Master : Nuts Puzzle",https://apps.apple.com/developer/id1767256079
