company,developer,pkg,dev_url
武汉多比特,GameLord 3D,space.fighter.shooting.games,https://play.google.com/store/apps/developer?id=GameLord+3D&hl=en&gl=us
武汉多比特,GameLord 3D,park.master.car.parking.games,https://play.google.com/store/apps/developer?id=GameLord+3D&hl=en&gl=us
武汉多比特,GameLord 3D,conquer.the.tower.city.wars,https://play.google.com/store/apps/developer?id=GameLord+3D&hl=en&gl=us
武汉多比特,GameLord 3D,conquer.the.tower.castle.battle,https://play.google.com/store/apps/developer?id=GameLord+3D&hl=en&gl=us
武汉多比特,GameLord 3D,adult.coloring.games.happy.art.color,https://play.google.com/store/apps/developer?id=GameLord+3D&hl=en&gl=us
武汉多比特,GameLord 3D,fashion.girl.makeover.stylist.makeup,https://play.google.com/store/apps/developer?id=GameLord+3D&hl=en&gl=us
武汉多比特,GameLord 3D,com.gamelord3d.princess.coloringgame,https://play.google.com/store/apps/developer?id=GameLord+3D&hl=en&gl=us
武汉多比特,GameLord 3D,fill.up.the.frigde.organization.games,https://play.google.com/store/apps/developer?id=GameLord+3D&hl=en&gl=us
武汉多比特,GameLord 3D,tangle.rope.puzzle.games,https://play.google.com/store/apps/developer?id=GameLord+3D&hl=en&gl=us
武汉多比特,GameLord 3D,com.gamelord3d.pool.ballmaster,https://play.google.com/store/apps/developer?id=GameLord+3D&hl=en&gl=us
武汉多比特,GameLord 3D,closet.puzzle.sort.match.pair.connect,https://play.google.com/store/apps/developer?id=GameLord+3D&hl=en&gl=us
武汉多比特,GameLord 3D,conquer.the.tower.defence.kingdom,https://play.google.com/store/apps/developer?id=GameLord+3D&hl=en&gl=us
武汉多比特,GameLord 3D,com.paint.bynumber.color.coloringgames,https://play.google.com/store/apps/developer?id=GameLord+3D&hl=en&gl=us
武汉多比特,GameLord 3D,fill.restock.closet.organization.games,https://play.google.com/store/apps/developer?id=GameLord+3D&hl=en&gl=us
武汉多比特,GameLord 3D,ball.sort.color.puzzle.games,https://play.google.com/store/apps/developer?id=GameLord+3D&hl=en&gl=us
武汉多比特,GameLord 3D,diy.makeup.salon.make.up.jogo.maquiagem,https://play.google.com/store/apps/developer?id=GameLord+3D&hl=en&gl=us
武汉多比特,GameLord 3D,water.sort.color.puzzle.games,https://play.google.com/store/apps/developer?id=GameLord+3D&hl=en&gl=us
武汉多比特,GameLord 3D,love.match.makeover.fantasy.story,https://play.google.com/store/apps/developer?id=GameLord+3D&hl=en&gl=us
武汉多比特,GameLord 3D,car.bridge.drawing.games,https://play.google.com/store/apps/developer?id=GameLord+3D&hl=en&gl=us
武汉多比特,GameLord 3D,makeup.makeover.master.make.up.artist,https://play.google.com/store/apps/developer?id=GameLord+3D&hl=en&gl=us
武汉多比特,JoyCraze,boys.coloring.art.kids.color.drawing.games,https://play.google.com/store/apps/developer?id=JoyCraze&hl=en&gl=us
武汉多比特,JoyCraze,colorear.colorido.warna.puzzle.game,https://play.google.com/store/apps/developer?id=JoyCraze&hl=en&gl=us
武汉多比特,JoyCraze,cute.color.coloring.puzzle,https://play.google.com/store/apps/developer?id=JoyCraze&hl=en&gl=us
武汉多比特,JoyCraze,anime.coloring.art.book.design.puzzle.entertainment.table,https://play.google.com/store/apps/developer?id=JoyCraze&hl=en&gl=us
武汉多比特,JoyCraze,art.games.color.princess.coloring,https://play.google.com/store/apps/developer?id=JoyCraze&hl=en&gl=us
武汉多比特,JoyCraze,coloring.art.drawing.games.anime,https://play.google.com/store/apps/developer?id=JoyCraze&hl=en&gl=us
武汉多比特,JoyCraze,glitter.color.beauty.coloring.games,https://play.google.com/store/apps/developer?id=JoyCraze&hl=en&gl=us
武汉多比特,Mind Crush,color.drop.match.puzzle.marble.games,https://play.google.com/store/apps/developer?id=Mind+Crush&hl=en&gl=us
武汉多比特,Mind Crush,hexa.food.sort.match.merge,https://play.google.com/store/apps/developer?id=Mind+Crush&hl=en&gl=us
武汉多比特,Mind Crush,screw.sort.math.puzzle.number.brain,https://play.google.com/store/apps/developer?id=Mind+Crush&hl=en&gl=us
武汉多比特,Mind Crush,knit.sort.wool.puzzle.color,https://play.google.com/store/apps/developer?id=Mind+Crush&hl=en&gl=us
武汉多比特,Mind Crush,sorting.beads.diamond.pixel.art.puzzle.game,https://play.google.com/store/apps/developer?id=Mind+Crush&hl=en&gl=us
武汉多比特,Mind Crush,color.traffic.jam.car.busjam.sort.seat,https://play.google.com/store/apps/developer?id=Mind+Crush&hl=en&gl=us
武汉多比特,Mind Crush,pure.nonogram.pixelated.picture.puzzle,https://play.google.com/store/apps/developer?id=Mind+Crush&hl=en&gl=us
武汉多比特,Mind Crush,makeup.girls.games.fashion.makeover,https://play.google.com/store/apps/developer?id=Mind+Crush&hl=en&gl=us
武汉多比特,Mind Crush,gunshop.idle.store.tycoon.games,https://play.google.com/store/apps/developer?id=Mind+Crush&hl=en&gl=us
武汉多比特,Mind Crush,find.spot.brain.puzzle.master.games,https://play.google.com/store/apps/developer?id=Mind+Crush&hl=en&gl=us
武汉多比特,Mind Crush,goods.sort.match.organizing.triple.sorting.puzzle,https://play.google.com/store/apps/developer?id=Mind+Crush&hl=en&gl=us
武汉多比特,Mind Crush,wool.thread.puzzle.sort.triple.art,https://play.google.com/store/apps/developer?id=Mind+Crush&hl=en&gl=us
武汉多比特,Mind Crush,unpacking.house.clean.decorating.games,https://play.google.com/store/apps/developer?id=Mind+Crush&hl=en&gl=us
武汉多比特,Mind Crush,particle.jam.sort.pop.match.bubble,https://play.google.com/store/apps/developer?id=Mind+Crush&hl=en&gl=us
武汉多比特,Mind Crush,bloom.match.story.sort.blossom.flower,https://play.google.com/store/apps/developer?id=Mind+Crush&hl=en&gl=us
武汉多比特,Mind Crush,goods.sort2.matching.triple.puzzle,https://play.google.com/store/apps/developer?id=Mind+Crush&hl=en&gl=us
武汉多比特,Mind Crush,cake.color.sort.bar.food.match.game,https://play.google.com/store/apps/developer?id=Mind+Crush&hl=en&gl=us
武汉多比特,Mind Crush,screw.jam.car.sort.match,https://play.google.com/store/apps/developer?id=Mind+Crush&hl=en&gl=us
武汉多比特,Mind Crush,makeup.studio.makeover.salon.master,https://play.google.com/store/apps/developer?id=Mind+Crush&hl=en&gl=us
武汉多比特,Mind Crush,wool.traffic.yarn.color.sorting.puzzle,https://play.google.com/store/apps/developer?id=Mind+Crush&hl=en&gl=us
北京小牛互联,aMessage studio,allmail.ai.email.app,https://play.google.com/store/apps/developer?id=aMessage+studio&hl=en&gl=us
北京小牛互联,aMessage studio,messenger.sms.launcher.home.screen,https://play.google.com/store/apps/developer?id=aMessage+studio&hl=en&gl=us
北京小牛互联,aMessage studio,messages.chat.free.text.messaging.sms,https://play.google.com/store/apps/developer?id=aMessage+studio&hl=en&gl=us
北京小牛互联,aMessage studio,qrcode.reader.barcode.scanner,https://play.google.com/store/apps/developer?id=aMessage+studio&hl=en&gl=us
北京小牛互联,BizApp Innovators,email.home.allmail.launcher,https://play.google.com/store/apps/developer?id=BizApp+Innovators&hl=en&gl=us
北京小牛互联,BizApp Innovators,notes.checklist.todolist.notepad.app,https://play.google.com/store/apps/developer?id=BizApp+Innovators&hl=en&gl=us
北京小牛互联,BizApp Innovators,pdf.reader.all.pdfviewer.pdfeditor,https://play.google.com/store/apps/developer?id=BizApp+Innovators&hl=en&gl=us
北京小牛互联,EasyFun Puzzle Game Studio,com.hexa.sort.puzzle.stack.color.game,https://play.google.com/store/apps/developer?id=EasyFun+Puzzle+Game+Studio&hl=en&gl=us
北京小牛互联,EasyFun Puzzle Game Studio,jigsolitaire.jigsort.jigsaw.solitaire.puzzle,https://play.google.com/store/apps/developer?id=EasyFun+Puzzle+Game+Studio&hl=en&gl=us
北京小牛互联,EasyFun Puzzle Game Studio,com.screw.pin.nuts.bolts.jam.puzzle,https://play.google.com/store/apps/developer?id=EasyFun+Puzzle+Game+Studio&hl=en&gl=us
北京小牛互联,EasyFun Puzzle Game Studio,traffic.car.jam.escape.parking.puzzle.race,https://play.google.com/store/apps/developer?id=EasyFun+Puzzle+Game+Studio&hl=en&gl=us
北京小牛互联,EasyFun Puzzle Game Studio,clear.tap.geometrydash.puzzle.away.clash.block.games,https://play.google.com/store/apps/developer?id=EasyFun+Puzzle+Game+Studio&hl=en&gl=us
北京小牛互联,EasyFun Puzzle Game Studio,com.block.blast.free.cube.puzzle.game,https://play.google.com/store/apps/developer?id=EasyFun+Puzzle+Game+Studio&hl=en&gl=us
北京小牛互联,EasyFun Puzzle Game Studio,nonogram.logicpuzzles.picturecross.pixel,https://play.google.com/store/apps/developer?id=EasyFun+Puzzle+Game+Studio&hl=en&gl=us
北京小牛互联,EasyFun Puzzle Game Studio,sort.ball.color.puzzle.sorting.tube.game,https://play.google.com/store/apps/developer?id=EasyFun+Puzzle+Game+Studio&hl=en&gl=us
北京小牛互联,EasyFun Puzzle Game Studio,games.puzzlegames.jewel.block.puzzle,https://play.google.com/store/apps/developer?id=EasyFun+Puzzle+Game+Studio&hl=en&gl=us
北京小牛互联,EasyFun Puzzle Game Studio,com.nonogram.color.picturecross.sudoku.puzzle,https://play.google.com/store/apps/developer?id=EasyFun+Puzzle+Game+Studio&hl=en&gl=us
北京小牛互联,EasyFun Puzzle Game Studio,math.crossmath.game.puzzle.free.easyfun.number.sudoku.match,https://play.google.com/store/apps/developer?id=EasyFun+Puzzle+Game+Studio&hl=en&gl=us
北京小牛互联,EasyFun Puzzle Game Studio,sort.soda.water.puzzle.color.glass.bubble,https://play.google.com/store/apps/developer?id=EasyFun+Puzzle+Game+Studio&hl=en&gl=us
北京小牛互联,EasyFun Puzzle Game Studio,com.bolt.screwmatch.puzzle.nuts.free,https://play.google.com/store/apps/developer?id=EasyFun+Puzzle+Game+Studio&hl=en&gl=us
北京小牛互联,EasyFun Puzzle Game Studio,com.sudoku.puzzles.master,https://play.google.com/store/apps/developer?id=EasyFun+Puzzle+Game+Studio&hl=en&gl=us
北京小牛互联,EasyFun Puzzle Game Studio,com.easyfun.solitaire,https://play.google.com/store/apps/developer?id=EasyFun+Puzzle+Game+Studio&hl=en&gl=us
北京小牛互联,EasyFun Puzzle Game Studio,wood.woodsudoku.block.puzzle.games.relax,https://play.google.com/store/apps/developer?id=EasyFun+Puzzle+Game+Studio&hl=en&gl=us
北京小牛互联,EasyFun Puzzle Game Studio,com.jigsaw.picture.collection.puzzle,https://play.google.com/store/apps/developer?id=EasyFun+Puzzle+Game+Studio&hl=en&gl=us
北京小牛互联,EasyFun Puzzle Game Studio,sort.hoops.ring.puzzle.color.stack.games,https://play.google.com/store/apps/developer?id=EasyFun+Puzzle+Game+Studio&hl=en&gl=us
北京小牛互联,EasyFun Puzzle Game Studio,solitaire.solitaire.solitaire,https://play.google.com/store/apps/developer?id=EasyFun+Puzzle+Game+Studio&hl=en&gl=us
北京小牛互联,Emoji SMS Messenger,messenger.sms,https://play.google.com/store/apps/developer?id=Emoji+SMS+Messenger&hl=en&gl=us
北京小牛互联,Joymaster Puzzle Game Studio,com.screw3d.match.nuts.bolts.pin.jam.away.puzzle,https://play.google.com/store/apps/developer?id=Joymaster+Puzzle+Game+Studio&hl=en&gl=us
北京小牛互联,Joymaster Puzzle Game Studio,com.find.hidden.object.out.treasure.hunt.seek.puzzle.games,https://play.google.com/store/apps/developer?id=Joymaster+Puzzle+Game+Studio&hl=en&gl=us
北京小牛互联,Joymaster Puzzle Game Studio,com.scavenger.hunt.find.my.cat.hidden.object.free.brainly.game,https://play.google.com/store/apps/developer?id=Joymaster+Puzzle+Game+Studio&hl=en&gl=us
北京小牛互联,Joymaster Puzzle Game Studio,com.goods.sorting.games.triple.match3d.puzzle,https://play.google.com/store/apps/developer?id=Joymaster+Puzzle+Game+Studio&hl=en&gl=us
北京小牛互联,Joymaster Puzzle Game Studio,com.car.parking.bus.mania.traffic.jam,https://play.google.com/store/apps/developer?id=Joymaster+Puzzle+Game+Studio&hl=en&gl=us
北京小牛互联,Joymaster Puzzle Game Studio,com.triple.match3d.goods.puzzle.games,https://play.google.com/store/apps/developer?id=Joymaster+Puzzle+Game+Studio&hl=en&gl=us
北京小牛互联,Joymaster Puzzle Game Studio,com.spot.find.differences.brain.puzzle,https://play.google.com/store/apps/developer?id=Joymaster+Puzzle+Game+Studio&hl=en&gl=us
北京小牛互联,Joymaster Puzzle Game Studio,com.tile.match.connect.game,https://play.google.com/store/apps/developer?id=Joymaster+Puzzle+Game+Studio&hl=en&gl=us
北京小牛互联,Joymaster Puzzle Game Studio,com.tile.match.connect.master.mahjong,https://play.google.com/store/apps/developer?id=Joymaster+Puzzle+Game+Studio&hl=en&gl=us
北京小牛互联,Joymaster Puzzle Game Studio,com.blockpuzzle.wood.jewel.jigsaw.game,https://play.google.com/store/apps/developer?id=Joymaster+Puzzle+Game+Studio&hl=en&gl=us
北京小牛互联,Joymaster Puzzle Game Studio,com.scavenger.hunt.hidden.objects.find.out.puzzle.games.free,https://play.google.com/store/apps/developer?id=Joymaster+Puzzle+Game+Studio&hl=en&gl=us
北京小牛互联,Joymaster Puzzle Game Studio,com.classic.wood.block.puzzle.games,https://play.google.com/store/apps/developer?id=Joymaster+Puzzle+Game+Studio&hl=en&gl=us
北京小牛互联,Joymaster Puzzle Game Studio,com.car.parking.simulator.drive.out,https://play.google.com/store/apps/developer?id=Joymaster+Puzzle+Game+Studio&hl=en&gl=us
北京小牛互联,Joymaster Puzzle Game Studio,com.spot.difference.find.out.puzzle.games.free,https://play.google.com/store/apps/developer?id=Joymaster+Puzzle+Game+Studio&hl=en&gl=us
北京小牛互联,Joymaster Puzzle Game Studio,com.car.parking.master.puzzle.truck.games,https://play.google.com/store/apps/developer?id=Joymaster+Puzzle+Game+Studio&hl=en&gl=us
北京小牛互联,LifePulse Puzzle Game Studio,com.wood.bolt.wordle.screw.nuts.puzzle,https://play.google.com/store/apps/developer?id=LifePulse+Puzzle+Game+Studio&hl=en&gl=us
北京小牛互联,LifePulse Puzzle Game Studio,com.match.mahjong.pair.puzzle,https://play.google.com/store/apps/developer?id=LifePulse+Puzzle+Game+Studio&hl=en&gl=us
北京小牛互联,LifePulse Puzzle Game Studio,com.matching.games.goods.sort.triple.puzzle,https://play.google.com/store/apps/developer?id=LifePulse+Puzzle+Game+Studio&hl=en&gl=us
北京小牛互联,LifePulse Puzzle Game Studio,com.find.spot.photo.hunt.differences.free.hidden,https://play.google.com/store/apps/developer?id=LifePulse+Puzzle+Game+Studio&hl=en&gl=us
北京小牛互联,LifePulse Puzzle Game Studio,com.mystery.hidden.objects.find.clue.puzzle.games.free,https://play.google.com/store/apps/developer?id=LifePulse+Puzzle+Game+Studio&hl=en&gl=us
北京小牛互联,LifePulse Puzzle Game Studio,com.grill.sort.food.sizzle.match.puzzle,https://play.google.com/store/apps/developer?id=LifePulse+Puzzle+Game+Studio&hl=en&gl=us
北京小牛互联,LifePulse Puzzle Game Studio,solitaire.word.associations.wordsolitaire,https://play.google.com/store/apps/developer?id=LifePulse+Puzzle+Game+Studio&hl=en&gl=us
北京小牛互联,LifePulse Puzzle Game Studio,block.jam.color.puzzle3d.slide,https://play.google.com/store/apps/developer?id=LifePulse+Puzzle+Game+Studio&hl=en&gl=us
北京小牛互联,LifePulse Puzzle Game Studio,mahjong.solitaire.free.senior.puzzle.games,https://play.google.com/store/apps/developer?id=LifePulse+Puzzle+Game+Studio&hl=en&gl=us
北京小牛互联,LifePulse Puzzle Game Studio,pixel.sand.crush.blast.block,https://play.google.com/store/apps/developer?id=LifePulse+Puzzle+Game+Studio&hl=en&gl=us
北京小牛互联,LifePulse Puzzle Game Studio,com.screw.pin.cat.bolts.jam.puzzle,https://play.google.com/store/apps/developer?id=LifePulse+Puzzle+Game+Studio&hl=en&gl=us
北京小牛互联,LifePulse Puzzle Game Studio,lifepulse.seeking.hidden.objects.find.it.out.puzzle.games.free,https://play.google.com/store/apps/developer?id=LifePulse+Puzzle+Game+Studio&hl=en&gl=us
北京小牛互联,LifePulse Puzzle Game Studio,nuts.color.sorting.puzzle.zen,https://play.google.com/store/apps/developer?id=LifePulse+Puzzle+Game+Studio&hl=en&gl=us
北京小牛互联,LifePulse Puzzle Game Studio,com.lifepulse.tap.out.away3d.cube.block.puzzle.games,https://play.google.com/store/apps/developer?id=LifePulse+Puzzle+Game+Studio&hl=en&gl=us
北京小牛互联,QR Scanner Team,authenticator.mfa.two.step.auth,https://play.google.com/store/apps/developer?id=QR+Scanner+Team&hl=en&gl=us
北京小牛互联,QR Scanner Team,pdfreader.pdf.viewer.all.office.file.editor,https://play.google.com/store/apps/developer?id=QR+Scanner+Team&hl=en&gl=us
北京小牛互联,QR Scanner Team,barcode.scanner.qrcode.reader.flashlight,https://play.google.com/store/apps/developer?id=QR+Scanner+Team&hl=en&gl=us
北京小牛互联,Smart AI DEV,ai.interior.design.home.renovation.app,https://play.google.com/store/apps/developer?id=Smart+AI+DEV&hl=en&gl=us
北京小牛互联,Smart AI DEV,artify.ai.logomaker,https://play.google.com/store/apps/developer?id=Smart+AI+DEV&hl=en&gl=us
北京小牛互联,Smart AI DEV,ai.video.art.generator.maker.app,https://play.google.com/store/apps/developer?id=Smart+AI+DEV&hl=en&gl=us
北京小牛互联,Smart AI DEV,com.ai.plant.identifier.scanner,https://play.google.com/store/apps/developer?id=Smart+AI+DEV&hl=en&gl=us
北京小牛互联,Smart AI DEV,ai.photo.editor.eraser.app,https://play.google.com/store/apps/developer?id=Smart+AI+DEV&hl=en&gl=us
北京小牛互联,Smart AI DEV,com.ai.avatar.face.portrait.app,https://play.google.com/store/apps/developer?id=Smart+AI+DEV&hl=en&gl=us
北京小牛互联,Smart AI DEV,com.ai.coin.identifier.scanner,https://play.google.com/store/apps/developer?id=Smart+AI+DEV&hl=en&gl=us
北京小牛互联,Smart AI DEV,artify.ai.tattoomaker,https://play.google.com/store/apps/developer?id=Smart+AI+DEV&hl=en&gl=us
北京小牛互联,Smart AI DEV,ai.art.generator.paint.draw.photo,https://play.google.com/store/apps/developer?id=Smart+AI+DEV&hl=en&gl=us
北京小牛互联,Weather 365 Days,weather.forecast.channel.live,https://play.google.com/store/apps/developer?id=Weather+365+Days&hl=en&gl=us
北京小牛互联,Weather 365 Days,weather.launcher.radar.ai.forecast,https://play.google.com/store/apps/developer?id=Weather+365+Days&hl=en&gl=us
北京小牛互联,Weather 365 Days,com.ai.life.manage.healthtracker,https://play.google.com/store/apps/developer?id=Weather+365+Days&hl=en&gl=us
上海正朗,Block Puzzle Jewel Games,blockpuzzle.new1010.jewelgames.puzzlegames,https://play.google.com/store/apps/developer?id=Block+Puzzle+Jewel+Games&hl=en&gl=us
上海正朗,Block Puzzle Jewel Games,puzzle.classic.king.blockpuzzle,https://play.google.com/store/apps/developer?id=Block+Puzzle+Jewel+Games&hl=en&gl=us
上海正朗,Block Puzzle Jewel Games,puzzle.pop.bubblegames.bubbleshooter,https://play.google.com/store/apps/developer?id=Block+Puzzle+Jewel+Games&hl=en&gl=us
上海正朗,Block Puzzle Jewel Games,blockpuzzle.puzzlegames.classic.neon,https://play.google.com/store/apps/developer?id=Block+Puzzle+Jewel+Games&hl=en&gl=us
上海正朗,Jewel Games Legend,blockpuzzle.jewelgames.jewelslegend,https://play.google.com/store/apps/developer?id=Jewel+Games+Legend&hl=en&gl=us
上海正朗,Jewel Games Legend,blockpuzzle.wood.legend.jewel,https://play.google.com/store/apps/developer?id=Jewel+Games+Legend&hl=en&gl=us
上海正朗,Jewel Games Legend,blockpuzzle.puzzlegames.wood.classic.offline,https://play.google.com/store/apps/developer?id=Jewel+Games+Legend&hl=en&gl=us
上海迪果,Classic Puzzle Games Maker,spider.classic.solitaire.card.pgmaker,https://play.google.com/store/apps/developer?id=Classic+Puzzle+Games+Maker&hl=en&gl=us
上海迪果,Classic Puzzle Games Maker,color.paint.by.number.pgmaker,https://play.google.com/store/apps/developer?id=Classic+Puzzle+Games+Maker&hl=en&gl=us
上海迪果,Classic Puzzle Games Maker,jigsaw.puzzles.hd.artgame.pgmaker,https://play.google.com/store/apps/developer?id=Classic+Puzzle+Games+Maker&hl=en&gl=us
上海迪果,Classic Puzzle Games Maker,classic.card.solitaire.pgmaker,https://play.google.com/store/apps/developer?id=Classic+Puzzle+Games+Maker&hl=en&gl=us
上海迪果,Degoo ltd,solitaire.card.classic.bgames,https://play.google.com/store/apps/developer?id=Degoo+ltd&hl=en&gl=us
上海迪果,Degoo ltd,spider.solitaire.card.bgames,https://play.google.com/store/apps/developer?id=Degoo+ltd&hl=en&gl=us
上海迪果,Degoo ltd,puzzle.tap.merge.bgames,https://play.google.com/store/apps/developer?id=Degoo+ltd&hl=en&gl=us
上海迪果,Game Maker Ltd.,daily.number.match.free.puzzle,https://play.google.com/store/apps/developer?id=Game+Maker+Ltd.&hl=en&gl=us
上海迪果,Game Maker Ltd.,tile.match.free.puzzle,https://play.google.com/store/apps/developer?id=Game+Maker+Ltd.&hl=en&gl=us
上海迪果,Game Maker Ltd.,solitaire.spider.card.free.mania,https://play.google.com/store/apps/developer?id=Game+Maker+Ltd.&hl=en&gl=us
上海迪果,Game Maker Ltd.,solitaire.card.free.plus,https://play.google.com/store/apps/developer?id=Game+Maker+Ltd.&hl=en&gl=us
上海迪果,Game Maker Ltd.,block.merge.free.puzzle,https://play.google.com/store/apps/developer?id=Game+Maker+Ltd.&hl=en&gl=us
上海迪果,Game Maker Ltd.,dot.merge.free.puzzle,https://play.google.com/store/apps/developer?id=Game+Maker+Ltd.&hl=en&gl=us
上海迪果,Game Maker Ltd.,daily.block.free.puzzle,https://play.google.com/store/apps/developer?id=Game+Maker+Ltd.&hl=en&gl=us
北京克鲁,AI Photo Enhancer Studio,com.shaji.wifi.pw,https://play.google.com/store/apps/developer?id=AI+Photo+Enhancer+Studio&hl=en&gl=us
北京克鲁,AI Photo Enhancer Studio,com.pomelo.image.editor.rmbg,https://play.google.com/store/apps/developer?id=AI+Photo+Enhancer+Studio&hl=en&gl=us
北京克鲁,AI Photo Enhancer Studio,com.shaji.mobile.magicfoto,https://play.google.com/store/apps/developer?id=AI+Photo+Enhancer+Studio&hl=en&gl=us
北京克鲁,Ashita Games,com.arrow.madness.games.arrows.escape.puzzle.game,https://play.google.com/store/apps/developer?id=Ashita+Games&hl=en&gl=us
北京克鲁,Ashita Games,tap.away.out.tapout.master.cube.block.puzzle.games,https://play.google.com/store/apps/developer?id=Ashita+Games&hl=en&gl=us
北京克鲁,Brainteaser Puzzle Game Studio,block.color.game.jam.blocks.sort.puzzle.games.slide.free,https://play.google.com/store/apps/developer?id=Brainteaser+Puzzle+Game+Studio&hl=en&gl=us
北京克鲁,Brainteaser Puzzle Game Studio,hexa.away.game.tap.block.off.color.puzzle.free,https://play.google.com/store/apps/developer?id=Brainteaser+Puzzle+Game+Studio&hl=en&gl=us
北京克鲁,Brainteaser Puzzle Game Studio,mahjong.solitaire.card.games.free.senior.match.puzzle,https://play.google.com/store/apps/developer?id=Brainteaser+Puzzle+Game+Studio&hl=en&gl=us
北京克鲁,Brainteaser Puzzle Game Studio,nuts.sort.bolts.nut.color.game.free.screw.puzzle,https://play.google.com/store/apps/developer?id=Brainteaser+Puzzle+Game+Studio&hl=en&gl=us
北京克鲁,Brainteaser Puzzle Game Studio,com.water.hue.sort.puzzle.color.match.sorting.games,https://play.google.com/store/apps/developer?id=Brainteaser+Puzzle+Game+Studio&hl=en&gl=us
北京克鲁,Brainteaser Puzzle Game Studio,number.games.match.numbers.ten.puzzle.free,https://play.google.com/store/apps/developer?id=Brainteaser+Puzzle+Game+Studio&hl=en&gl=us
北京克鲁,Brainteaser Puzzle Game Studio,cross.math.puzzle.games.number.puzzles.free,https://play.google.com/store/apps/developer?id=Brainteaser+Puzzle+Game+Studio&hl=en&gl=us
北京克鲁,Brainteaser Puzzle Game Studio,grill.food.sort.skewer.sorting.games.match.puzzle,https://play.google.com/store/apps/developer?id=Brainteaser+Puzzle+Game+Studio&hl=en&gl=us
北京克鲁,Brainteaser Puzzle Game Studio,com.brain.tricky.puzzle.games.test.quest,https://play.google.com/store/apps/developer?id=Brainteaser+Puzzle+Game+Studio&hl=en&gl=us
北京克鲁,Brainteaser Puzzle Game Studio,cryptogram.cypher.decrypt.code.word.puzzle.number,https://play.google.com/store/apps/developer?id=Brainteaser+Puzzle+Game+Studio&hl=en&gl=us
北京克鲁,Brainteaser Puzzle Game Studio,girl.rescue.dragon.puzzle.games.out.free,https://play.google.com/store/apps/developer?id=Brainteaser+Puzzle+Game+Studio&hl=en&gl=us
北京克鲁,Brainteaser Puzzle Game Studio,com.number.pair.match.puzzle.games.ten.numbers,https://play.google.com/store/apps/developer?id=Brainteaser+Puzzle+Game+Studio&hl=en&gl=us
北京克鲁,Brainteaser Puzzle Game Studio,com.mahjong.match.classic.tiles.connect.pair.games,https://play.google.com/store/apps/developer?id=Brainteaser+Puzzle+Game+Studio&hl=en&gl=us
北京克鲁,Brainteaser Puzzle Game Studio,com.jigswap.jigsaw.solitaire.puzzle.games.puzzles,https://play.google.com/store/apps/developer?id=Brainteaser+Puzzle+Game+Studio&hl=en&gl=us
北京克鲁,Brainteaser Puzzle Game Studio,wood.nuts.bolts.screw.pin.puzzle.game,https://play.google.com/store/apps/developer?id=Brainteaser+Puzzle+Game+Studio&hl=en&gl=us
北京克鲁,Castbox.FM - Radio & Podcast & AudioBooks,com.podcast.podcasts,https://play.google.com/store/apps/developer?id=Castbox.FM+-+Radio+%26+Podcast+%26+AudioBooks&hl=en&gl=us
北京克鲁,Castbox.FM - Radio & Podcast & AudioBooks,fm.castbox.audiobook.radio.podcast,https://play.google.com/store/apps/developer?id=Castbox.FM+-+Radio+%26+Podcast+%26+AudioBooks&hl=en&gl=us
北京克鲁,Castbox.FM - Radio & Podcast & AudioBooks,com.echocastr.ai.podcast.player.chat.podcasts,https://play.google.com/store/apps/developer?id=Castbox.FM+-+Radio+%26+Podcast+%26+AudioBooks&hl=en&gl=us
北京克鲁,Guru AI Lab,ai.chatbot.ask.chat.deep.seek.assistant.search.free,https://play.google.com/store/apps/developer?id=Guru+AI+Lab&hl=en&gl=us
北京克鲁,Guru AI Lab,ai.photo.enhancer.ig.tiktok.editor.remini.pixelup.hd.free,https://play.google.com/store/apps/developer?id=Guru+AI+Lab&hl=en&gl=us
北京克鲁,Guru AI Lab,ai.calorie.counter.food.tracker.my.fitness.free,https://play.google.com/store/apps/developer?id=Guru+AI+Lab&hl=en&gl=us
北京克鲁,Guru AI Lab,ai.video.photo.animator.face.dance.animation,https://play.google.com/store/apps/developer?id=Guru+AI+Lab&hl=en&gl=us
北京克鲁,Guru AI Lab,walkie.talkie.among.us.friends,https://play.google.com/store/apps/developer?id=Guru+AI+Lab&hl=en&gl=us
北京克鲁,Guru AI Lab,ai.image.playground.generator.free.creator.picture.photo,https://play.google.com/store/apps/developer?id=Guru+AI+Lab&hl=en&gl=us
北京克鲁,Guru AI Lab,ai.emoji.keyboard.face.emojis.sticker.free,https://play.google.com/store/apps/developer?id=Guru+AI+Lab&hl=en&gl=us
北京克鲁,Guru AI Lab,walkie.talkie.talk,https://play.google.com/store/apps/developer?id=Guru+AI+Lab&hl=en&gl=us
北京克鲁,Guru AI Lab,ai.photo.enhancer.retake.app.free.face.editor,https://play.google.com/store/apps/developer?id=Guru+AI+Lab&hl=en&gl=us
北京克鲁,NimbleMind Network Inc.,hidden.object.find.seek.search.mystery.puzzle.games.free,https://play.google.com/store/apps/developer?id=NimbleMind+Network+Inc.&hl=en&gl=us
北京克鲁,NimbleMind Network Inc.,number.match.numbers.math.games.free.puzzle.digit,https://play.google.com/store/apps/developer?id=NimbleMind+Network+Inc.&hl=en&gl=us
北京克鲁,NimbleMind Network Inc.,sudoku.puzzle.brain.games.number.puzzles.free,https://play.google.com/store/apps/developer?id=NimbleMind+Network+Inc.&hl=en&gl=us
北京克鲁,NimbleMind Network Inc.,com.nuts.spinner.sort.game.screw.bolts.puzzle.games,https://play.google.com/store/apps/developer?id=NimbleMind+Network+Inc.&hl=en&gl=us
北京乐信圣文,Cedar Games Studio,com.cedargames.tileclear,https://play.google.com/store/apps/developer?id=Cedar+Games+Studio&hl=en&gl=us
北京乐信圣文,Cedar Games Studio,com.cedargames.mysterytown,https://play.google.com/store/apps/developer?id=Cedar+Games+Studio&hl=en&gl=us
北京乐信圣文,Cedar Games Studio,com.cedargames.word.sort.fun,https://play.google.com/store/apps/developer?id=Cedar+Games+Studio&hl=en&gl=us
北京乐信圣文,Cedar Games Studio,com.cedargames.superheroes.puzzles,https://play.google.com/store/apps/developer?id=Cedar+Games+Studio&hl=en&gl=us
北京迦游,Color Block,com.funcatsort.us.gp,https://play.google.com/store/apps/developer?id=Color+Block&hl=en&gl=us
北京奇妙王国,FREELAX,solitaire.klondike.classic.card.games,https://play.google.com/store/apps/developer?id=FREELAX&hl=en&gl=us
北京奇妙王国,FREELAX,spider.solitaire.classic.card.games.makeup,https://play.google.com/store/apps/developer?id=FREELAX&hl=en&gl=us
北京奇妙王国,FREELAX,nut.sort.bolts.color.sort.puzzle.game,https://play.google.com/store/apps/developer?id=FREELAX&hl=en&gl=us
北京奇妙王国,FREELAX,sudoku.puzzle.classic.math.games,https://play.google.com/store/apps/developer?id=FREELAX&hl=en&gl=us
北京奇妙王国,Solitaire Card Studio,ball.sort.color.water.puzzle.games,https://play.google.com/store/apps/developer?id=Solitaire+Card+Studio&hl=en&gl=us
北京奇妙王国,Solitaire Card Studio,word.search.cross.games,https://play.google.com/store/apps/developer?id=Solitaire+Card+Studio&hl=en&gl=us
北京奇妙王国,Solitaire Card Studio,word.connect.puzzle.games,https://play.google.com/store/apps/developer?id=Solitaire+Card+Studio&hl=en&gl=us
北京奇妙王国,Solitaire Card Studio,bus.go.car.jam.traffic,https://play.google.com/store/apps/developer?id=Solitaire+Card+Studio&hl=en&gl=us
北京奇妙王国,Solitaire Card Studio,princess.protect.dragon.wars.girl.rescue,https://play.google.com/store/apps/developer?id=Solitaire+Card+Studio&hl=en&gl=us
北京奇妙王国,Solitaire Card Studio,com.solitaire.daily.challenge.card.game,https://play.google.com/store/apps/developer?id=Solitaire+Card+Studio&hl=en&gl=us
北京奇妙王国,Solitaire Card Studio,word.cross.connect.puzzle.games,https://play.google.com/store/apps/developer?id=Solitaire+Card+Studio&hl=en&gl=us
北京奇妙王国,Solitaire Card Studio,solitaire.collection.klondike.spider.freecell.tripeaks.pyramid.cardgame,https://play.google.com/store/apps/developer?id=Solitaire+Card+Studio&hl=en&gl=us
北京奇妙王国,Solitaire Card Studio,wool.blast.match.escape.traffic.jam.rescue.puzzle,https://play.google.com/store/apps/developer?id=Solitaire+Card+Studio&hl=en&gl=us
北京奇妙王国,Solitaire Card Studio,find.difference.spot.hidden.differences.detective,https://play.google.com/store/apps/developer?id=Solitaire+Card+Studio&hl=en&gl=us
北京奇妙王国,Solitaire Card Studio,sudoku.classic.brain.number.puzzle.games,https://play.google.com/store/apps/developer?id=Solitaire+Card+Studio&hl=en&gl=us
北京奇妙王国,Solitaire Card Studio,spider.solitaire.classic.solitaire.card.games,https://play.google.com/store/apps/developer?id=Solitaire+Card+Studio&hl=en&gl=us
北京奇妙王国,Solitaire Card Studio,word.guess.wordle.daily.wordly.connect.search.stacks.games,https://play.google.com/store/apps/developer?id=Solitaire+Card+Studio&hl=en&gl=us
北京奇妙王国,Solitaire Card Studio,solitaire.jigsaw.puzzle.design.artgallery.home.decorate.klondike,https://play.google.com/store/apps/developer?id=Solitaire+Card+Studio&hl=en&gl=us
北京奇妙王国,Solitaire Card Studio,water.sort.puzzle.color.sorting.games,https://play.google.com/store/apps/developer?id=Solitaire+Card+Studio&hl=en&gl=us
北京奇妙王国,Solitaire Card Studio,spider.solitaire.play.classic.card.games.klondike.free.patience.garden,https://play.google.com/store/apps/developer?id=Solitaire+Card+Studio&hl=en&gl=us
北京奇妙王国,Solitaire Card Studio,classic.klondike.solitaire.cardgame.patience.lite,https://play.google.com/store/apps/developer?id=Solitaire+Card+Studio&hl=en&gl=us
北京奇妙王国,Solitaire Card Studio,pyramid.solitaire.egypt.saga.classic.free.online.card.game,https://play.google.com/store/apps/developer?id=Solitaire+Card+Studio&hl=en&gl=us
英国tripledot,Echidna Games,games.echidna.wordblast,https://play.google.com/store/apps/developer?id=Echidna+Games&hl=en&gl=us
英国tripledot,Echidna Games,com.echidna.association.tile,https://play.google.com/store/apps/developer?id=Echidna+Games&hl=en&gl=us
英国tripledot,Echidna Games,com.echidna.jelly,https://play.google.com/store/apps/developer?id=Echidna+Games&hl=en&gl=us
英国tripledot,Echidna Games,com.echidna.dotpaint,https://play.google.com/store/apps/developer?id=Echidna+Games&hl=en&gl=us
英国tripledot,Echidna Games,games.echidna.sizzlematch,https://play.google.com/store/apps/developer?id=Echidna+Games&hl=en&gl=us
英国tripledot,Echidna Games,games.echidna.spiderassociations,https://play.google.com/store/apps/developer?id=Echidna+Games&hl=en&gl=us
英国tripledot,Echidna Games,games.echidna.wordsearchassociations,https://play.google.com/store/apps/developer?id=Echidna+Games&hl=en&gl=us
英国tripledot,Echidna Games,com.echidna.wordrush,https://play.google.com/store/apps/developer?id=Echidna+Games&hl=en&gl=us
英国tripledot,Live Play Mobile Inc,com.liveplaymobile,https://play.google.com/store/apps/developer?id=Live+Play+Mobile+Inc&hl=en&gl=us
奇讯新游,Bubblescapes,com.sweet.candy.match.gp,https://play.google.com/store/apps/developer?id=Bubblescapes&hl=en&gl=us
奇讯新游,Bubblescapes,com.idle.foodgame.catcookingbar,https://play.google.com/store/apps/developer?id=Bubblescapes&hl=en&gl=us
奇讯新游,Bubblescapes,com.screwnuts.spin.jam.sort,https://play.google.com/store/apps/developer?id=Bubblescapes&hl=en&gl=us
奇讯新游,Bubblescapes,com.mobileguru.fruitsbomb.free,https://play.google.com/store/apps/developer?id=Bubblescapes&hl=en&gl=us
奇讯新游,Bubblescapes,com.bubblescapes.sort.factory.gp,https://play.google.com/store/apps/developer?id=Bubblescapes&hl=en&gl=us
奇讯新游,easygame7,com.easygame.marblelegend,https://play.google.com/store/apps/developer?id=easygame7&hl=en&gl=us
奇讯新游,easygame7,com.easygame.marblelegendpay,https://play.google.com/store/apps/developer?id=easygame7&hl=en&gl=us
奇讯新游,easygame7,solitaire.card.games.solitaire.newyear.free,https://play.google.com/store/apps/developer?id=easygame7&hl=en&gl=us
奇讯新游,easygame7,com.metafun.solitaire.free.hd,https://play.google.com/store/apps/developer?id=easygame7&hl=en&gl=us
奇讯新游,easygame7,com.idle.monster.chef.tycoon,https://play.google.com/store/apps/developer?id=easygame7&hl=en&gl=us
奇讯新游,Enjoysports,com.match.homemansion.design.puzzlegame,https://play.google.com/store/apps/developer?id=Enjoysports&hl=en&gl=us
奇讯新游,Enjoysports,com.onehit.babymansion.puzzle,https://play.google.com/store/apps/developer?id=Enjoysports&hl=en&gl=us
奇讯新游,Enjoysports,com.numberpuzzle.ten.pair.match.game,https://play.google.com/store/apps/developer?id=Enjoysports&hl=en&gl=us
奇讯新游,Fungoodgames,com.cy.merge.help.gp,https://play.google.com/store/apps/developer?id=Fungoodgames&hl=en&gl=us
奇讯新游,Fungoodgames,com.ch.ruler.match,https://play.google.com/store/apps/developer?id=Fungoodgames&hl=en&gl=us
奇讯新游,Fungoodgames,com.solitaire.calm.logic.word.puzzle.free,https://play.google.com/store/apps/developer?id=Fungoodgames&hl=en&gl=us
奇讯新游,Fungoodgames,com.trials.eternity.free,https://play.google.com/store/apps/developer?id=Fungoodgames&hl=en&gl=us
奇讯新游,Fungoodgames,com.word.solitaire.travel.puzzle,https://play.google.com/store/apps/developer?id=Fungoodgames&hl=en&gl=us
奇讯新游,gameone,com.my.cooking.chef.kitchen.craze.fever,https://play.google.com/store/apps/developer?id=gameone&hl=en&gl=us
奇讯新游,gameone,com.food.dash.diner.craze.happy.ASMR,https://play.google.com/store/apps/developer?id=gameone&hl=en&gl=us
奇讯新游,gameone,com.candysmashmania.sweetcrush.free,https://play.google.com/store/apps/developer?id=gameone&hl=en&gl=us
奇讯新游,gameone,com.crazy.cooking.diner.chef.restaurant.fever,https://play.google.com/store/apps/developer?id=gameone&hl=en&gl=us
奇讯新游,gameone,com.tastydiary.cooking.diner.home.restaurant,https://play.google.com/store/apps/developer?id=gameone&hl=en&gl=us
奇讯新游,gameone,com.game.candywitch.cookie.stars.free,https://play.google.com/store/apps/developer?id=gameone&hl=en&gl=us
奇讯新游,gameone,com.cookingworld.chef.craze.fever.dinner,https://play.google.com/store/apps/developer?id=gameone&hl=en&gl=us
奇讯新游,gameone,com.cookingchef.kitchen.free,https://play.google.com/store/apps/developer?id=gameone&hl=en&gl=us
奇讯新游,gameone,com.hotel.fever.frenzy.madness.gameone,https://play.google.com/store/apps/developer?id=gameone&hl=en&gl=us
奇讯新游,gameone,com.hotel.empire.fever.craze.mania.sim.free,https://play.google.com/store/apps/developer?id=gameone&hl=en&gl=us
奇讯新游,gameone,com.gameone.jungle.cube.blast.free,https://play.google.com/store/apps/developer?id=gameone&hl=en&gl=us
奇讯新游,gameone,com.bubble.shooter.adventure.puzzle.free,https://play.google.com/store/apps/developer?id=gameone&hl=en&gl=us
奇讯新游,gameone,com.cookie.crush.maina.jam.candy.free,https://play.google.com/store/apps/developer?id=gameone&hl=en&gl=us
奇讯新游,gameone,com.arcade.superjungle.jump.free,https://play.google.com/store/apps/developer?id=gameone&hl=en&gl=us
奇讯新游,gameone,com.candy.smash.mania.match.gp,https://play.google.com/store/apps/developer?id=gameone&hl=en&gl=us
奇讯新游,gameone,com.gameone.arcadebowlinggo2,https://play.google.com/store/apps/developer?id=gameone&hl=en&gl=us
奇讯新游,gameone,com.gameone.superadventuresofjabber.free,https://play.google.com/store/apps/developer?id=gameone&hl=en&gl=us
奇讯新游,gameone,com.mario.bros.adventure.free,https://play.google.com/store/apps/developer?id=gameone&hl=en&gl=us
奇讯新游,Gamoper,com.gamoper.candysweetstory.free,https://play.google.com/store/apps/developer?id=Gamoper&hl=en&gl=us
奇讯新游,Gamoper,com.sortingstore.goods.sort.matching.puzzle,https://play.google.com/store/apps/developer?id=Gamoper&hl=en&gl=us
奇讯新游,Gamoper,com.homedesign.babymanor.virtual.free,https://play.google.com/store/apps/developer?id=Gamoper&hl=en&gl=us
奇讯新游,Gamoper,com.gamoper.magiccandy.free,https://play.google.com/store/apps/developer?id=Gamoper&hl=en&gl=us
奇讯新游,Jewel Loft,com.sweetcandy.puzzle.blast.crush.free,https://play.google.com/store/apps/developer?id=Jewel+Loft&hl=en&gl=us
奇讯新游,Jewel Loft,com.match3d.triple.match.legend.gp,https://play.google.com/store/apps/developer?id=Jewel+Loft&hl=en&gl=us
奇讯新游,Jewel Loft,com.goods.sortfever.market.match.puzzle,https://play.google.com/store/apps/developer?id=Jewel+Loft&hl=en&gl=us
奇讯新游,Jewel Loft,com.sortmatch.triple.drop.goods.puzzle,https://play.google.com/store/apps/developer?id=Jewel+Loft&hl=en&gl=us
奇讯新游,Jewel Loft,com.crazysort.supermarket.goodstriple,https://play.google.com/store/apps/developer?id=Jewel+Loft&hl=en&gl=us
奇讯新游,Jewel Loft,com.toybomb.blast.cubecrush.free,https://play.google.com/store/apps/developer?id=Jewel+Loft&hl=en&gl=us
奇讯新游,Jewel Loft,com.matchappgame.candyfeversmash.match3,https://play.google.com/store/apps/developer?id=Jewel+Loft&hl=en&gl=us
奇讯新游,Jewel Loft,com.sortingpuzzle.matching.goods.sort.puzzle,https://play.google.com/store/apps/developer?id=Jewel+Loft&hl=en&gl=us
奇讯新游,Jewel Loft,com.grill.sort.foodie.sizzle.skewer.puzzle,https://play.google.com/store/apps/developer?id=Jewel+Loft&hl=en&gl=us
奇讯新游,Jewel Loft,com.sortout.match.triple.puzzle,https://play.google.com/store/apps/developer?id=Jewel+Loft&hl=en&gl=us
奇讯新游,Jewel Loft,com.wood.blockpuzzlegame.jigsaw.sudoku.match,https://play.google.com/store/apps/developer?id=Jewel+Loft&hl=en&gl=us
奇讯新游,Jewel Loft,com.goods.cookingsort.market.match.puzzle,https://play.google.com/store/apps/developer?id=Jewel+Loft&hl=en&gl=us
奇讯新游,Jewel Loft,com.sandblockjam.puzzle.color.tetris,https://play.google.com/store/apps/developer?id=Jewel+Loft&hl=en&gl=us
奇讯新游,"MAGIC SEVEN CO., LIMITED",com.cookingcity.chef.kitchen.craze.fever,https://play.google.com/store/apps/developer?id=MAGIC+SEVEN+CO.%2C+LIMITED&hl=en&gl=us
奇讯新游,"MAGIC SEVEN CO., LIMITED",com.cooking.world.chef.craze.restaurant.fever.free,https://play.google.com/store/apps/developer?id=MAGIC+SEVEN+CO.%2C+LIMITED&hl=en&gl=us
奇讯新游,"MAGIC SEVEN CO., LIMITED",com.idle.food.bar.tycoon,https://play.google.com/store/apps/developer?id=MAGIC+SEVEN+CO.%2C+LIMITED&hl=en&gl=us
奇讯新游,"MAGIC SEVEN CO., LIMITED",com.idle.airport.empire.sim.tycoon,https://play.google.com/store/apps/developer?id=MAGIC+SEVEN+CO.%2C+LIMITED&hl=en&gl=us
奇讯新游,"MAGIC SEVEN CO., LIMITED",com.merge.legends.dragon.dailyfun,https://play.google.com/store/apps/developer?id=MAGIC+SEVEN+CO.%2C+LIMITED&hl=en&gl=us
奇讯新游,"MAGIC SEVEN CO., LIMITED",com.idle.dragon.school.magic.tycoon,https://play.google.com/store/apps/developer?id=MAGIC+SEVEN+CO.%2C+LIMITED&hl=en&gl=us
奇讯新游,"MAGIC SEVEN CO., LIMITED",com.idle.cinema.empire.sim.tycoon,https://play.google.com/store/apps/developer?id=MAGIC+SEVEN+CO.%2C+LIMITED&hl=en&gl=us
奇讯新游,"MAGIC SEVEN CO., LIMITED",com.idle.vegas.resort.casino.tycoon.empire.slot,https://play.google.com/store/apps/developer?id=MAGIC+SEVEN+CO.%2C+LIMITED&hl=en&gl=us
奇讯新游,"MAGIC SEVEN CO., LIMITED",com.idle.music.festival.empire.sim.tycoon,https://play.google.com/store/apps/developer?id=MAGIC+SEVEN+CO.%2C+LIMITED&hl=en&gl=us
奇讯新游,"MAGIC SEVEN CO., LIMITED",com.dailyfun.idle.resort.tycoon.hotel,https://play.google.com/store/apps/developer?id=MAGIC+SEVEN+CO.%2C+LIMITED&hl=en&gl=us
奇讯新游,"MAGIC SEVEN CO., LIMITED",com.cookingtown.chef.kitchen.restaurant.diner,https://play.google.com/store/apps/developer?id=MAGIC+SEVEN+CO.%2C+LIMITED&hl=en&gl=us
奇讯新游,"MAGIC SEVEN CO., LIMITED",com.idle.fishing.club.hooking.resort.tycoon,https://play.google.com/store/apps/developer?id=MAGIC+SEVEN+CO.%2C+LIMITED&hl=en&gl=us
奇讯新游,"MAGIC SEVEN CO., LIMITED",com.idle.train.empire.sim.tycoon,https://play.google.com/store/apps/developer?id=MAGIC+SEVEN+CO.%2C+LIMITED&hl=en&gl=us
奇讯新游,"MAGIC SEVEN CO., LIMITED",com.idle.petdise.tycoon.pet.empire,https://play.google.com/store/apps/developer?id=MAGIC+SEVEN+CO.%2C+LIMITED&hl=en&gl=us
奇讯新游,"MAGIC SEVEN CO., LIMITED",com.idle.island.adventure.farm.craft.dailyfun,https://play.google.com/store/apps/developer?id=MAGIC+SEVEN+CO.%2C+LIMITED&hl=en&gl=us
奇讯新游,"MAGIC SEVEN CO., LIMITED",com.idle.auto.car.master.tycoon.empire,https://play.google.com/store/apps/developer?id=MAGIC+SEVEN+CO.%2C+LIMITED&hl=en&gl=us
奇讯新游,"MAGIC SEVEN CO., LIMITED",com.idle.railway.empire.tycoon,https://play.google.com/store/apps/developer?id=MAGIC+SEVEN+CO.%2C+LIMITED&hl=en&gl=us
奇讯新游,"MAGIC SEVEN CO., LIMITED",com.idle.office.empire.rich.sim.tycoon,https://play.google.com/store/apps/developer?id=MAGIC+SEVEN+CO.%2C+LIMITED&hl=en&gl=us
奇讯新游,"MAGIC SEVEN CO., LIMITED",com.idle.baobao.prison.empire.sim.tycoon,https://play.google.com/store/apps/developer?id=MAGIC+SEVEN+CO.%2C+LIMITED&hl=en&gl=us
奇讯新游,"MAGIC SEVEN CO., LIMITED",com.idle.mall.empire.shopping.sim.tycoon,https://play.google.com/store/apps/developer?id=MAGIC+SEVEN+CO.%2C+LIMITED&hl=en&gl=us
奇讯新游,"ONE HIT CO., LIMITED",com.match.fever.dream.puzzlegame.free,https://play.google.com/store/apps/developer?id=ONE+HIT+CO.%2C+LIMITED&hl=en&gl=us
奇讯新游,"ONE HIT CO., LIMITED",com.free.games.cake.smash.mania.puzzle,https://play.google.com/store/apps/developer?id=ONE+HIT+CO.%2C+LIMITED&hl=en&gl=us
奇讯新游,"ONE HIT CO., LIMITED",com.tapstory.sweetcrushroyal.match3,https://play.google.com/store/apps/developer?id=ONE+HIT+CO.%2C+LIMITED&hl=en&gl=us
奇讯新游,"ONE HIT CO., LIMITED",com.mergediner.chef.designfever,https://play.google.com/store/apps/developer?id=ONE+HIT+CO.%2C+LIMITED&hl=en&gl=us
奇讯新游,"ONE HIT CO., LIMITED",com.gameexcellent.cueblastpop.free,https://play.google.com/store/apps/developer?id=ONE+HIT+CO.%2C+LIMITED&hl=en&gl=us
奇讯新游,"ONE HIT CO., LIMITED",com.sugarfun.candybombfever.match3,https://play.google.com/store/apps/developer?id=ONE+HIT+CO.%2C+LIMITED&hl=en&gl=us
奇讯新游,"ONE HIT CO., LIMITED",com.enjoysports.merge.farm.life.merge.games,https://play.google.com/store/apps/developer?id=ONE+HIT+CO.%2C+LIMITED&hl=en&gl=us
奇讯新游,Peak Plus,com.supersort.matching.goods.triple.puzzle,https://play.google.com/store/apps/developer?id=Peak+Plus&hl=en&gl=us
奇讯新游,Peak Plus,com.triple.joy.match3d.puzzle.matching,https://play.google.com/store/apps/developer?id=Peak+Plus&hl=en&gl=us
奇讯新游,Peak Plus,com.crazymania.sorting.puzzle.matchinggames,https://play.google.com/store/apps/developer?id=Peak+Plus&hl=en&gl=us
奇讯新游,Peak Plus,com.triplefrenzy3d.match.sort.factory.gp,https://play.google.com/store/apps/developer?id=Peak+Plus&hl=en&gl=us
奇讯新游,Peak Plus,com.happywool.sort.yarn.color.knit.match,https://play.google.com/store/apps/developer?id=Peak+Plus&hl=en&gl=us
奇讯新游,PuzzleLoft,com.match.busters.free.gp,https://play.google.com/store/apps/developer?id=PuzzleLoft&hl=en&gl=us
奇讯新游,PuzzleLoft,com.dream.resort.candy.match.mania.gp,https://play.google.com/store/apps/developer?id=PuzzleLoft&hl=en&gl=us
奇讯新游,PuzzleLoft,com.merge.townhorizon.puzzlegame,https://play.google.com/store/apps/developer?id=PuzzleLoft&hl=en&gl=us
奇讯新游,PuzzleLoft,com.sweet.candy.journey.match.puzzle.gp,https://play.google.com/store/apps/developer?id=PuzzleLoft&hl=en&gl=us
奇讯新游,PuzzleLoft,com.bubbleshooter.panda.blast.pop.puzzle.legend,https://play.google.com/store/apps/developer?id=PuzzleLoft&hl=en&gl=us
奇讯新游,PuzzleLoft,com.appgame7.bubbleshooterlegend.free,https://play.google.com/store/apps/developer?id=PuzzleLoft&hl=en&gl=us
奇讯新游,PuzzleLoft,com.cosmo.candybomb.free,https://play.google.com/store/apps/developer?id=PuzzleLoft&hl=en&gl=us
奇讯新游,PuzzleLoft,com.crazybuzz.candycrackmania.free,https://play.google.com/store/apps/developer?id=PuzzleLoft&hl=en&gl=us
奇讯新游,PuzzleLoft,com.matchfamliy3d.tirple.match.gp,https://play.google.com/store/apps/developer?id=PuzzleLoft&hl=en&gl=us
奇讯新游,PuzzleLoft,com.cosmo.candy.mania.free,https://play.google.com/store/apps/developer?id=PuzzleLoft&hl=en&gl=us
奇讯新游,PuzzleLoft,com.cosmo.toycrush.free,https://play.google.com/store/apps/developer?id=PuzzleLoft&hl=en&gl=us
奇讯新游,PuzzleLoft,com.bubbleshooter.mania.blast.puzzle.free,https://play.google.com/store/apps/developer?id=PuzzleLoft&hl=en&gl=us
奇讯新游,PuzzleLoft,com.jewels.adventure.crush.gems.blast.free,https://play.google.com/store/apps/developer?id=PuzzleLoft&hl=en&gl=us
奇讯新游,PuzzleLoft,com.cosmo.fruitfever.free,https://play.google.com/store/apps/developer?id=PuzzleLoft&hl=en&gl=us
奇讯新游,PuzzleLoft,com.crazybuzz.happyfruitstap.free,https://play.google.com/store/apps/developer?id=PuzzleLoft&hl=en&gl=us
奇讯新游,PuzzleLoft,com.cosmo.fruitgummy.free,https://play.google.com/store/apps/developer?id=PuzzleLoft&hl=en&gl=us
奇讯新游,PuzzleLoft,com.cosmo.candyburst.free,https://play.google.com/store/apps/developer?id=PuzzleLoft&hl=en&gl=us
奇讯新游,PuzzleLoft,com.appgame7.bubble.shooter.free,https://play.google.com/store/apps/developer?id=PuzzleLoft&hl=en&gl=us
奇讯新游,PuzzleLoft,com.crazybuzz.toypopcubes.free,https://play.google.com/store/apps/developer?id=PuzzleLoft&hl=en&gl=us
奇讯新游,RedFish Games,com.hospital.craze.clinic.happy.doctor.ASMR,https://play.google.com/store/apps/developer?id=RedFish+Games&hl=en&gl=us
奇讯新游,RedFish Games,com.airplanecooking.chef.kitchen.restaurant.diner,https://play.google.com/store/apps/developer?id=RedFish+Games&hl=en&gl=us
奇讯新游,RedFish Games,badminton.king.sportsgame.smash,https://play.google.com/store/apps/developer?id=RedFish+Games&hl=en&gl=us
奇讯新游,SugarFun,com.appgame7.toytapfever.free,https://play.google.com/store/apps/developer?id=SugarFun&hl=en&gl=us
奇讯新游,Tap Happy,com.plantdressup.gardenscapes,https://play.google.com/store/apps/developer?id=Tap+Happy&hl=en&gl=us
奇讯新游,Tap Happy,com.taphappy.gardendressup.free,https://play.google.com/store/apps/developer?id=Tap+Happy&hl=en&gl=us
奇讯新游,Tap Happy,com.k3games.airportmanager,https://play.google.com/store/apps/developer?id=Tap+Happy&hl=en&gl=us
奇讯新游,Tap Happy,com.taphappy.happykitchenworld.free,https://play.google.com/store/apps/developer?id=Tap+Happy&hl=en&gl=us
奇讯新游,Tap Happy,com.kiwigo.dessertbakery.free,https://play.google.com/store/apps/developer?id=Tap+Happy&hl=en&gl=us
奇讯新游,Tap Happy,com.kiwigo.pocketpony.free,https://play.google.com/store/apps/developer?id=Tap+Happy&hl=en&gl=us
奇讯新游,Tap Happy,com.flowerdressup.garden.plant,https://play.google.com/store/apps/developer?id=Tap+Happy&hl=en&gl=us
奇讯新游,Tap Happy,com.kiwigo.monsterhouse.free,https://play.google.com/store/apps/developer?id=Tap+Happy&hl=en&gl=us
奇讯新游,Tap Happy,com.kiwigo.cookieshop.free,https://play.google.com/store/apps/developer?id=Tap+Happy&hl=en&gl=us
奇讯新游,Tap Happy,com.taphappy.petcaresalon.free,https://play.google.com/store/apps/developer?id=Tap+Happy&hl=en&gl=us
奇讯新游,Tap Happy,com.kiwigo.superpizzashop.free,https://play.google.com/store/apps/developer?id=Tap+Happy&hl=en&gl=us
奇讯新游,Tap Happy,com.kiwigo.mypetloki.free,https://play.google.com/store/apps/developer?id=Tap+Happy&hl=en&gl=us
奇讯新游,Tap Happy,com.kiwigo.dreamdollboutique.free,https://play.google.com/store/apps/developer?id=Tap+Happy&hl=en&gl=us
奇讯新游,Tap Happy,com.k3games.littletailorxmas.free,https://play.google.com/store/apps/developer?id=Tap+Happy&hl=en&gl=us
奇讯新游,Tap Happy,com.taphappy.kittycafe.free,https://play.google.com/store/apps/developer?id=Tap+Happy&hl=en&gl=us
奇讯新游,Tap Happy,com.kidsthree.cakemaster,https://play.google.com/store/apps/developer?id=Tap+Happy&hl=en&gl=us
奇讯新游,Tap Happy,com.kiwigo.mysmartdog1.free,https://play.google.com/store/apps/developer?id=Tap+Happy&hl=en&gl=us
奇讯新游,Tap Happy,com.k3games.littletailorlite.free,https://play.google.com/store/apps/developer?id=Tap+Happy&hl=en&gl=us
奇讯新游,Tap Happy,com.kiwigo.cottoncandyshop.free,https://play.google.com/store/apps/developer?id=Tap+Happy&hl=en&gl=us
奇讯新游,Tap Happy,com.taphappy.spacepuppy1.free,https://play.google.com/store/apps/developer?id=Tap+Happy&hl=en&gl=us
奇讯新游,TEEWEE LIMITED,com.word.solitaire.sort,https://play.google.com/store/apps/developer?id=TEEWEE+LIMITED&hl=en&gl=us
奇讯新游,TEEWEE LIMITED,com.zuma.deluxe.marble.puzzle,https://play.google.com/store/apps/developer?id=TEEWEE+LIMITED&hl=en&gl=us
奇讯新游,TEEWEE LIMITED,com.best.wordsearch.free,https://play.google.com/store/apps/developer?id=TEEWEE+LIMITED&hl=en&gl=us
奇讯新游,TEEWEE LIMITED,com.appgame7.jigsaw.free,https://play.google.com/store/apps/developer?id=TEEWEE+LIMITED&hl=en&gl=us
奇讯新游,TEEWEE LIMITED,com.loop.duck.tiles.survive,https://play.google.com/store/apps/developer?id=TEEWEE+LIMITED&hl=en&gl=us
奇讯新游,Yo App,com.candy.sweet.legend.free,https://play.google.com/store/apps/developer?id=Yo+App&hl=en&gl=us
奇讯新游,Yo App,com.toy.cubes.blast.toy.crush.free,https://play.google.com/store/apps/developer?id=Yo+App&hl=en&gl=us
奇讯新游,Yo App,com.sweet.candy.tales.gp,https://play.google.com/store/apps/developer?id=Yo+App&hl=en&gl=us
奇讯新游,Yo App,com.appgame7.candyfrenzy,https://play.google.com/store/apps/developer?id=Yo+App&hl=en&gl=us
奇讯新游,Yo App,com.matchgames.petcandypuzzle,https://play.google.com/store/apps/developer?id=Yo+App&hl=en&gl=us
奇讯新游,Yo App,com.digit.logic.number.match.pair.puzzle,https://play.google.com/store/apps/developer?id=Yo+App&hl=en&gl=us
奇讯新游,Yo App,com.township.familyfarm.tycoon,https://play.google.com/store/apps/developer?id=Yo+App&hl=en&gl=us
奇讯新游,Yo App,com.barn.tycoon.idle.farm,https://play.google.com/store/apps/developer?id=Yo+App&hl=en&gl=us
奇讯新游,Yo App,com.makeup.water.puzzle.match.sort,https://play.google.com/store/apps/developer?id=Yo+App&hl=en&gl=us
深圳乐言科技,Brainit Games,bubble.shooter.pop.marble.cannon.match.color.three.puzzle.game,https://play.google.com/store/apps/developer?id=Brainit+Games&hl=en&gl=us
深圳乐言科技,Brainit Games,rescue.dragon.save.princess.jam.traffic.puzzle,https://play.google.com/store/apps/developer?id=Brainit+Games&hl=en&gl=us
深圳乐言科技,Brainit Games,mahjongsolitaire.mahjong.solitaire.free.offline.game,https://play.google.com/store/apps/developer?id=Brainit+Games&hl=en&gl=us
深圳乐言科技,Brainit Games,unscrew.star.nuts.bolts.screw.pin.jam.puzzle.color.sort.out,https://play.google.com/store/apps/developer?id=Brainit+Games&hl=en&gl=us
深圳乐言科技,Brainit Games,solitaire.tripeaks.blooming.scapes.adventure.story.flower.garden.harvest.farm,https://play.google.com/store/apps/developer?id=Brainit+Games&hl=en&gl=us
深圳乐言科技,Brainit Games,mahjongsolitaire.mahjong.solitaire.tile.triple.match,https://play.google.com/store/apps/developer?id=Brainit+Games&hl=en&gl=us
深圳乐言科技,Brainit Games,nuts.bolts.screw.puzzle.wood.pin.sort.unscrew.brain.logic.test.train.game,https://play.google.com/store/apps/developer?id=Brainit+Games&hl=en&gl=us
深圳乐言科技,Brainit Games,word.search.connect.wordstacks.crossy.story.wordscapes.word.games,https://play.google.com/store/apps/developer?id=Brainit+Games&hl=en&gl=us
深圳乐言科技,Brainit Games,wool.knit.sort.thread.out.pin.jam.screw.unscrew.nuts.bolts,https://play.google.com/store/apps/developer?id=Brainit+Games&hl=en&gl=us
深圳乐言科技,Brainit Games,carrom.board.pool.disc.cricket.ice.hockey.multiplayer.game.free,https://play.google.com/store/apps/developer?id=Brainit+Games&hl=en&gl=us
深圳乐言科技,Brainit Games,word.search.wordsearch.wordgames.kids.adults.free.puzzle.games,https://play.google.com/store/apps/developer?id=Brainit+Games&hl=en&gl=us
深圳乐言科技,Brainit Games,word.cross.jigsaw.puzzle.crossword.connect.block.part.fit.free.game,https://play.google.com/store/apps/developer?id=Brainit+Games&hl=en&gl=us
深圳乐言科技,Brainit Games,word.connect.word.search.scapes.find.hidden.crossword.puzzle.game,https://play.google.com/store/apps/developer?id=Brainit+Games&hl=en&gl=us
深圳乐言科技,Brainit Games,word.move.swipe.scroll.search.find.hidden.trivia.letter.puzzle.game,https://play.google.com/store/apps/developer?id=Brainit+Games&hl=en&gl=us
深圳乐言科技,Brainit Games,com.seaworldgame.klondike.solitaire,https://play.google.com/store/apps/developer?id=Brainit+Games&hl=en&gl=us
深圳乐言科技,Brainit Games,trivia.cross.word.crossword.question.answer.quiz.iq.general.knowledge,https://play.google.com/store/apps/developer?id=Brainit+Games&hl=en&gl=us
深圳乐言科技,Brainit Games,word.most.top.n.guess.answer.trivia.question.quiz.general.knowledge,https://play.google.com/store/apps/developer?id=Brainit+Games&hl=en&gl=us
深圳乐言科技,Brainit Games,word.blocks.jigsaw.puzzle.boggle.find.hidden.scapes.shapes.fit.search.scrabble.free,https://play.google.com/store/apps/developer?id=Brainit+Games&hl=en&gl=us
深圳乐言科技,Brainit Games,daifugo.card.japanese.poker.grand.millionaire.revolution.multiplayer.online,https://play.google.com/store/apps/developer?id=Brainit+Games&hl=en&gl=us
深圳乐言科技,Brainit Games,jigsaw.block.puzzle.wood.tetris.tangram.lego.sudoku.match.game,https://play.google.com/store/apps/developer?id=Brainit+Games&hl=en&gl=us
深圳乐言科技,"Lighthouse, Inc.",com.peacock.flashlight,https://play.google.com/store/apps/developer?id=Lighthouse%2C+Inc.&hl=en&gl=us
深圳乐言科技,"Lighthouse, Inc.",com.peacock.pic.image.edit,https://play.google.com/store/apps/developer?id=Lighthouse%2C+Inc.&hl=en&gl=us
深圳乐言科技,"Lighthouse, Inc.",com.ai.aigc.art.photo.edit.tuyaya,https://play.google.com/store/apps/developer?id=Lighthouse%2C+Inc.&hl=en&gl=us
深圳乐言科技,"Lighthouse, Inc.",com.peacock.foto.filtre,https://play.google.com/store/apps/developer?id=Lighthouse%2C+Inc.&hl=en&gl=us
深圳乐言科技,Magic Word Games,word.riddles.guess.brain.test.tricky.puzzle.quiz.game.free,https://play.google.com/store/apps/developer?id=Magic+Word+Games&hl=en&gl=us
深圳乐言科技,Magic Word Games,trivia.quiz.trivia.star.millionaire.word.question.offine.game.free,https://play.google.com/store/apps/developer?id=Magic+Word+Games&hl=en&gl=us
深圳乐言科技,Magic Word Games,com.crossword.bible.cookies.find.english,https://play.google.com/store/apps/developer?id=Magic+Word+Games&hl=en&gl=us
深圳乐言科技,Magic Word Games,word.think.hidden.words.find.brain.train.scrabble.crush.swipe.search.puzzle.game,https://play.google.com/store/apps/developer?id=Magic+Word+Games&hl=en&gl=us
深圳乐言科技,Magic Word Games,pic.word.parts.scrabble.combine.four.pics.guess.emoji.quiz.logo.merge.puzzle,https://play.google.com/store/apps/developer?id=Magic+Word+Games&hl=en&gl=us
深圳乐言科技,Magic Word Games,klondike.solitaire.card.games.free.patience.spider.freecell.classic,https://play.google.com/store/apps/developer?id=Magic+Word+Games&hl=en&gl=us
深圳乐言科技,Magic Word Games,pic.game.guess.word.four.picture.one.brain.emoji.quiz.logo.puzzle.free,https://play.google.com/store/apps/developer?id=Magic+Word+Games&hl=en&gl=us
深圳乐言科技,Magic Word Games,watersort.puzzle.water.sort.logic.brain.game.color.fill.wood,https://play.google.com/store/apps/developer?id=Magic+Word+Games&hl=en&gl=us
深圳乐言科技,Magic Word Games,ogo.trivia.quiz.emoji.icon.picture.guess.tricky.brain.test.riddle.puzzle,https://play.google.com/store/apps/developer?id=Magic+Word+Games&hl=en&gl=us
深圳乐言科技,Magic Word Games,emoji.word.games.four.pics.one.words.quiz.guess.twopics.free,https://play.google.com/store/apps/developer?id=Magic+Word+Games&hl=en&gl=us
深圳乐言科技,People Lovin Games,ball.ballsort.watersort.color.colorsort.watercolor.puzzle,https://play.google.com/store/apps/developer?id=People+Lovin+Games&hl=en&gl=us
深圳乐言科技,People Lovin Games,spades.classic.card.free.online.offline.multiplayer,https://play.google.com/store/apps/developer?id=People+Lovin+Games&hl=en&gl=us
深圳乐言科技,People Lovin Games,solitaire.tripeaks.design.free.card.games.house.home.decor,https://play.google.com/store/apps/developer?id=People+Lovin+Games&hl=en&gl=us
深圳乐言科技,People Lovin Games,puzzle.match.sort.color.jam.traffic.rescue,https://play.google.com/store/apps/developer?id=People+Lovin+Games&hl=en&gl=us
深圳乐言科技,People Lovin Games,solitaire.tripeaks.farm.town.adventure.card.games.free,https://play.google.com/store/apps/developer?id=People+Lovin+Games&hl=en&gl=us
深圳乐言科技,People Lovin Games,flower.match.sort.puzzle.blossom.triple.shelf.bloom.tile.blast.game,https://play.google.com/store/apps/developer?id=People+Lovin+Games&hl=en&gl=us
深圳乐言科技,People Lovin Games,wool.thread.yarn.sort.match.color.knit.out.screw.craze.game,https://play.google.com/store/apps/developer?id=People+Lovin+Games&hl=en&gl=us
深圳乐言科技,People Lovin Games,classic.tiletrip.tile.master.puzzle.onet.block.match.link.connect.game,https://play.google.com/store/apps/developer?id=People+Lovin+Games&hl=en&gl=us
深圳乐言科技,People Lovin Games,castle.vanishingcross.kingscorner.solitaire.cardgames.free.offline.klondike.patience,https://play.google.com/store/apps/developer?id=People+Lovin+Games&hl=en&gl=us
深圳乐言科技,People Lovin Games,yatzy.dice.yahtzee.classic.board.game,https://play.google.com/store/apps/developer?id=People+Lovin+Games&hl=en&gl=us
深圳乐言科技,People Lovin Games,word.bubble.pop.parts.combine.guess.find.swipe.crush.scrabble.puzzle.game,https://play.google.com/store/apps/developer?id=People+Lovin+Games&hl=en&gl=us
深圳乐言科技,People Lovin Games,game.nuts.nutsort.watersort.color.puzzles,https://play.google.com/store/apps/developer?id=People+Lovin+Games&hl=en&gl=us
深圳乐言科技,People Lovin Games,com.crazy.letter.wordfind,https://play.google.com/store/apps/developer?id=People+Lovin+Games&hl=en&gl=us
深圳乐言科技,People Lovin Games,knit.thread.jam.color.sort.out.wool.screw.logic.puzzle.game,https://play.google.com/store/apps/developer?id=People+Lovin+Games&hl=en&gl=us
深圳乐言科技,People Lovin Games,word.string.connect.link.brain.stacks.search.guess.swipe.hidden.puzzle.game,https://play.google.com/store/apps/developer?id=People+Lovin+Games&hl=en&gl=us
深圳乐言科技,People Lovin Games,solitaire.tripeaks.fish.free.card.games.ocean,https://play.google.com/store/apps/developer?id=People+Lovin+Games&hl=en&gl=us
深圳乐言科技,People Lovin Games,com.solitaire.klondike.spider.cardgames.puzzle.farm.animal,https://play.google.com/store/apps/developer?id=People+Lovin+Games&hl=en&gl=us
深圳乐言科技,People Lovin Games,block.puzzle.jigsaw.jewel.wood.blocks.sudoku.shape.tetris.game,https://play.google.com/store/apps/developer?id=People+Lovin+Games&hl=en&gl=us
深圳乐言科技,People Lovin Games,classic.word.board.wordwithfriends.solo.offline.scrabble.friends.multiplayer.online.crossword.game,https://play.google.com/store/apps/developer?id=People+Lovin+Games&hl=en&gl=us
深圳乐言科技,People Lovin Games,com.crazy.letter.wordsearch,https://play.google.com/store/apps/developer?id=People+Lovin+Games&hl=en&gl=us
深圳乐言科技,"Shoreline Park, Inc.",klondike.solitaire.cardgames.puzzle.free.offline.freecell.spider,https://play.google.com/store/apps/developer?id=Shoreline+Park%2C+Inc.&hl=en&gl=us
深圳乐言科技,"Shoreline Park, Inc.",com.shoreline.game.spider.solitaire,https://play.google.com/store/apps/developer?id=Shoreline+Park%2C+Inc.&hl=en&gl=us
深圳乐言科技,"Shoreline Park, Inc.",freecell.solitaire.cardgames.puzzle.free.offline.klondike.patience,https://play.google.com/store/apps/developer?id=Shoreline+Park%2C+Inc.&hl=en&gl=us
深圳乐言科技,"Shoreline Park, Inc.",match.solitaire.cardgames.puzzle.free.offline.klondike.patience,https://play.google.com/store/apps/developer?id=Shoreline+Park%2C+Inc.&hl=en&gl=us
深圳乐言科技,"Shoreline Park, Inc.",com.live.radar.accu.wea.widget.app,https://play.google.com/store/apps/developer?id=Shoreline+Park%2C+Inc.&hl=en&gl=us
深圳乐言科技,"Solitaire Card Games , Inc.",com.lemongame.freecell.solitaire,https://play.google.com/store/apps/developer?id=Solitaire+Card+Games+%2C+Inc.&hl=en&gl=us
深圳乐言科技,"Solitaire Card Games , Inc.",com.lemongame.mahjong.solitaire,https://play.google.com/store/apps/developer?id=Solitaire+Card+Games+%2C+Inc.&hl=en&gl=us
深圳乐言科技,Solitaire Card Games Ltd,com.lemongame.klondike.solitaire,https://play.google.com/store/apps/developer?id=Solitaire+Card+Games+Ltd&hl=en&gl=us
深圳乐言科技,Spider Solitaire Card Games,com.happysky.spider,https://play.google.com/store/apps/developer?id=Spider+Solitaire+Card+Games&hl=en&gl=us
深圳乐言科技,Spider Solitaire Card Games,com.happysky.blackjack,https://play.google.com/store/apps/developer?id=Spider+Solitaire+Card+Games&hl=en&gl=us
深圳乐言科技,Spider Solitaire Card Games,com.happysky.pencilsketch,https://play.google.com/store/apps/developer?id=Spider+Solitaire+Card+Games&hl=en&gl=us
上海襄翼,Dream Tiles Piano Game Studio,game.piano.music.tiles.challenge,https://play.google.com/store/apps/developer?id=Dream+Tiles+Piano+Game+Studio&hl=en&gl=us
上海襄翼,Dream Tiles Piano Game Studio,piano.game.music.rush.tiles,https://play.google.com/store/apps/developer?id=Dream+Tiles+Piano+Game+Studio&hl=en&gl=us
上海襄翼,Dream Tiles Piano Game Studio,piano.game.music.beat.tiles,https://play.google.com/store/apps/developer?id=Dream+Tiles+Piano+Game+Studio&hl=en&gl=us
上海襄翼,JC Puzzle Games Studio,com.jc.tilematch,https://play.google.com/store/apps/developer?id=JC+Puzzle+Games+Studio&hl=en&gl=us
上海襄翼,JC Puzzle Games Studio,com.jc.mahjongtile,https://play.google.com/store/apps/developer?id=JC+Puzzle+Games+Studio&hl=en&gl=us
上海襄翼,JC Puzzle Games Studio,com.jc.blockpuzzle.color.game,https://play.google.com/store/apps/developer?id=JC+Puzzle+Games+Studio&hl=en&gl=us
上海襄翼,JC Puzzle Games Studio,com.jc.piano.game.music.dash,https://play.google.com/store/apps/developer?id=JC+Puzzle+Games+Studio&hl=en&gl=us
上海襄翼,JC Puzzle Games Studio,com.jc.blockpuzzle.classic,https://play.google.com/store/apps/developer?id=JC+Puzzle+Games+Studio&hl=en&gl=us
上海襄翼,JC Puzzle Games Studio,com.jc.flowermatch.tiles.puzzlegame,https://play.google.com/store/apps/developer?id=JC+Puzzle+Games+Studio&hl=en&gl=us
北京红海无限,gaolipei,gem.sort.color.match.puzzle.paint,https://play.google.com/store/apps/developer?id=gaolipei&hl=en&gl=us
北京红海无限,gaolipei,com.jigsaw.threedimension.shooting,https://play.google.com/store/apps/developer?id=gaolipei&hl=en&gl=us
北京红海无限,SweetGame,number.puzzle.cross.math.brain.jam,https://play.google.com/store/apps/developer?id=SweetGame&hl=en&gl=us
北京珑索科技,Dragon Star,com.screw.puzzle.nuts_android,https://play.google.com/store/apps/developer?id=Dragon+Star&hl=en&gl=us
北京珑索科技,Dragon Star,com.relax.free.jigsaw.puzzle,https://play.google.com/store/apps/developer?id=Dragon+Star&hl=en&gl=us
北京珑索科技,Dragon Star,com.game.sjm_android,https://play.google.com/store/apps/developer?id=Dragon+Star&hl=en&gl=us
北京珑索科技,Dragon Star,com.game.mp3d_android,https://play.google.com/store/apps/developer?id=Dragon+Star&hl=en&gl=us
北京珑索科技,Dragon Star,com.game.heror_android,https://play.google.com/store/apps/developer?id=Dragon+Star&hl=en&gl=us
北京珑索科技,Dragon Star,com.game.tia_android,https://play.google.com/store/apps/developer?id=Dragon+Star&hl=en&gl=us
北京珑索科技,Dragon Star,com.blingsort.gemart,https://play.google.com/store/apps/developer?id=Dragon+Star&hl=en&gl=us
